"tipvg","price","count"
"К",1,0
"К",2,0
"К",3,0
"К",4,0
"К",5,145
"К",6,0
"К",7,280
"К",8,183
"К",9,0
"К",10,0
"К",11,15
"К",12,0
"К",13,4
"К",14,30
"К",15,18
"К",16,22
"К",17,33
"К",18,29
"К",19,81
"К",20,127
"К",21,104
"К",22,234
"К",23,8016
"К",24,8298
"К",25,23552
"К",26,4062
"К",27,760
"К",28,606
"К",29,2223
"К",30,729
"К",31,4353
"К",32,3389
"К",33,10572
"К",34,424
"К",35,165
"К",36,382
"К",37,277
"К",38,198
"К",39,309
"К",40,2554
"К",41,2062
"К",42,245
"К",43,1017
"К",44,528
"К",45,578
"К",46,1159
"К",47,803
"К",48,1574
"К",49,3123
"К",50,1675
"К",51,2285
"К",52,2260
"К",53,2783
"К",54,3251
"К",55,3684
"К",56,3319
"К",57,5639
"К",58,4556
"К",59,5813
"К",60,6616
"К",61,5486
"К",62,7703
"К",63,9533
"К",64,7642
"К",65,8473
"К",66,10368
"К",67,11919
"К",68,10988
"К",69,11272
"К",70,14286
"К",71,8819
"К",72,13958
"К",73,12870
"К",74,16124
"К",75,15285
"К",76,18774
"К",77,8414
"К",78,17264
"К",79,12485
"К",80,12301
"К",81,20137
"К",82,18127
"К",83,19358
"К",84,9022
"К",85,11211
"К",86,14780
"К",87,18884
"К",88,20363
"К",89,15812
"К",90,16309
"К",91,20912
"К",92,15021
"К",93,15944
"К",94,19638
"К",95,19136
"К",96,25311
"К",97,21403
"К",98,22213
"К",99,20863
"К",100,20640
"К",101,24678
"К",102,24181
"К",103,20818
"К",104,27047
"К",105,29060
"К",106,21300
"К",107,26101
"К",108,24922
"К",109,31005
"К",110,20350
"К",111,26735
"К",112,31019
"К",113,27999
"К",114,27931
"К",115,30817
"К",116,31775
"К",117,25590
"К",118,26566
"К",119,28243
"К",120,37014
"К",121,32687
"К",122,29209
"К",123,32821
"К",124,37365
"К",125,31031
"К",126,27773
"К",127,38539
"К",128,39039
"К",129,39880
"К",130,35548
"К",131,38419
"К",132,33144
"К",133,38255
"К",134,43546
"К",135,43465
"К",136,33016
"К",137,40245
"К",138,47179
"К",139,37126
"К",140,49058
"К",141,46803
"К",142,40601
"К",143,39386
"К",144,44362
"К",145,56484
"К",146,46336
"К",147,38287
"К",148,48834
"К",149,45325
"К",150,44636
"К",151,40047
"К",152,53154
"К",153,56885
"К",154,56721
"К",155,47934
"К",156,48917
"К",157,49778
"К",158,45377
"К",159,52340
"К",160,58283
"К",161,48887
"К",162,47011
"К",163,51663
"К",164,69889
"К",165,51466
"К",166,40602
"К",167,67034
"К",168,45468
"К",169,42025
"К",170,56104
"К",171,54472
"К",172,76273
"К",173,53211
"К",174,48135
"К",175,42580
"К",176,52897
"К",177,53725
"К",178,67000
"К",179,58491
"К",180,62977
"К",181,42629
"К",182,42601
"К",183,45941
"К",184,53702
"К",185,68644
"К",186,71831
"К",187,55272
"К",188,56840
"К",189,45306
"К",190,52970
"К",191,59586
"К",192,59817
"К",193,60263
"К",194,48344
"К",195,60552
"К",196,59174
"К",197,51418
"К",198,49989
"К",199,55608
"К",200,64046
"К",201,64743
"К",202,55262
"К",203,59259
"К",204,53097
"К",205,60584
"К",206,53528
"К",207,57482
"К",208,57471
"К",209,59633
"К",210,55505
"К",211,61043
"К",212,62426
"К",213,60827
"К",214,60285
"К",215,47942
"К",216,59903
"К",217,61662
"К",218,61870
"К",219,62215
"К",220,55767
"К",221,62551
"К",222,62919
"К",223,45181
"К",224,61098
"К",225,42971
"К",226,60564
"К",227,54839
"К",228,57650
"К",229,61211
"К",230,74292
"К",231,57773
"К",232,52770
"К",233,50901
"К",234,43302
"К",235,57916
"К",236,57606
"К",237,46707
"К",238,60621
"К",239,58854
"К",240,55314
"К",241,46768
"К",242,55233
"К",243,49660
"К",244,40769
"К",245,60947
"К",246,39355
"К",247,61413
"К",248,51592
"К",249,42937
"К",250,50396
"К",251,41891
"К",252,46323
"К",253,42652
"К",254,40646
"К",255,44098
"К",256,34359
"К",257,45622
"К",258,42239
"К",259,32217
"К",260,48350
"К",261,45047
"К",262,35014
"К",263,32381
"К",264,25139
"К",265,56191
"К",266,26841
"К",267,37538
"К",268,46292
"К",269,27452
"К",270,31922
"К",271,28517
"К",272,28490
"К",273,30356
"К",274,29393
"К",275,38746
"К",276,25373
"К",277,21072
"К",278,18563
"К",279,27447
"К",280,30244
"К",281,25278
"К",282,22549
"К",283,21030
"К",284,23776
"К",285,22296
"К",286,15244
"К",287,23122
"К",288,19977
"К",289,19955
"К",290,17838
"К",291,18965
"К",292,14744
"К",293,17099
"К",294,17802
"К",295,17576
"К",296,12056
"К",297,14582
"К",298,13004
"К",299,12663
"К",300,13181
"К",301,14130
"К",302,15595
"К",303,9313
"К",304,15118
"К",305,9095
"К",306,9518
"К",307,10629
"К",308,13049
"К",309,9041
"К",310,10667
"К",311,12290
"К",312,8143
"К",313,6982
"К",314,11366
"К",315,6513
"К",316,6093
"К",317,6143
"К",318,9477
"К",319,5748
"К",320,7565
"К",321,7620
"К",322,8251
"К",323,5303
"К",324,5007
"К",325,5249
"К",326,7688
"К",327,4380
"К",328,6758
"К",329,7897
"К",330,4386
"К",331,6928
"К",332,3846
"К",333,4523
"К",334,6248
"К",335,9891
"К",336,6015
"К",337,4413
"К",338,3859
"К",339,5447
"К",340,3344
"К",341,4057
"К",342,5114
"К",343,7823
"К",344,3159
"К",345,3371
"К",346,2946
"К",347,4917
"К",348,3571
"К",349,5797
"К",350,4236
"К",351,4849
"К",352,3731
"К",353,3358
"К",354,2990
"К",355,4041
"К",356,2156
"К",357,5129
"К",358,6340
"К",359,2151
"К",360,4480
"К",361,2818
"К",362,1633
"К",363,3151
"К",364,1696
"К",365,3045
"К",366,4451
"К",367,2003
"К",368,9362
"К",369,3439
"К",370,2935
"К",371,2204
"К",372,3016
"К",373,2976
"К",374,1675
"К",375,3583
"К",376,8112
"К",377,2094
"К",378,1988
"К",379,2374
"К",380,1939
"К",381,5429
"К",382,678
"К",383,2262
"К",384,5474
"К",385,2273
"К",386,1550
"К",387,1602
"К",388,3796
"К",389,3896
"К",390,748
"К",391,2690
"К",392,3340
"К",393,869
"К",394,859
"К",395,992
"К",396,1415
"К",397,3995
"К",398,2391
"К",399,716
"К",400,2092
"К",401,7946
"К",402,1314
"К",403,496
"К",404,1326
"К",405,2625
"К",406,1369
"К",407,1188
"К",408,4140
"К",409,4917
"К",410,598
"К",411,1726
"К",412,1001
"К",413,1236
"К",414,985
"К",415,710
"К",416,1816
"К",417,2750
"К",418,544
"К",419,477
"К",420,1428
"К",421,1527
"К",422,620
"К",423,949
"К",424,776
"К",425,720
"К",426,1640
"К",427,825
"К",428,1229
"К",429,677
"К",430,975
"К",431,162
"К",432,795
"К",433,621
"К",434,746
"К",435,633
"К",436,1614
"К",437,781
"К",438,1578
"К",439,979
"К",440,267
"К",441,741
"К",442,1691
"К",443,302
"К",444,860
"К",445,1438
"К",446,1532
"К",447,391
"К",448,338
"К",449,186
"К",450,819
"К",451,247
"К",452,239
"К",453,199
"К",454,463
"К",455,832
"К",456,120
"К",457,305
"К",458,351
"К",459,407
"К",460,115
"К",461,223
"К",462,392
"К",463,304
"К",464,149
"К",465,152
"К",466,447
"К",467,330
"К",468,805
"К",469,122
"К",470,293
"К",471,310
"К",472,100
"К",473,50
"К",474,177
"К",475,238
"К",476,129
"К",477,237
"К",478,775
"К",479,429
"К",480,140
"К",481,77
"К",482,130
"К",483,144
"К",484,116
"К",485,333
"К",486,448
"К",487,148
"К",488,104
"К",489,156
"К",490,74
"К",491,118
"К",492,84
"К",493,89
"К",494,45
"К",495,119
"К",496,113
"К",497,154
"К",498,193
"К",499,154
"К",500,62
"К",501,230
"К",502,43
"К",503,173
"К",504,136
"К",505,254
"К",506,184
"К",507,153
"К",508,378
"К",509,58
"К",510,360
"К",511,382
"К",512,109
"К",513,69
"К",514,33
"К",515,64
"К",516,120
"К",517,85
"К",518,152
"К",519,172
"К",520,73
"К",521,111
"К",522,74
"К",523,44
"К",524,185
"К",525,144
"К",526,41
"К",527,103
"К",528,63
"К",529,117
"К",530,96
"К",531,110
"К",532,71
"К",533,95
"К",534,109
"К",535,26
"К",536,80
"К",537,128
"К",538,226
"К",539,40
"К",540,11
"К",541,41
"К",542,14
"К",543,14
"К",544,55
"К",545,13
"К",546,39
"К",547,13
"К",548,13
"К",549,42
"К",550,13
"К",551,28
"К",552,54
"К",553,14
"К",554,52
"К",555,62
"К",556,41
"К",557,141
"К",558,76
"К",559,8
"К",560,31
"К",561,27
"К",562,25
"К",563,18
"К",564,24
"К",565,83
"К",566,6
"К",567,40
"К",568,12
"К",569,10
"К",570,16
"К",571,10
"К",572,63
"К",573,29
"К",574,16
"К",575,48
"К",576,9
"К",577,45
"К",578,12
"К",579,81
"К",580,27
"К",581,10
"К",582,6
"К",583,112
"К",584,35
"К",585,76
"К",586,6
"К",587,104
"К",588,4
"К",589,21
"К",590,74
"К",591,10
"К",592,17
"К",593,12
"К",594,49
"К",595,34
"К",596,23
"К",597,67
"К",598,7
"К",599,10
"К",600,100
"К",601,30
"К",602,28
"К",603,62
"К",604,37
"К",605,47
"К",606,16
"К",607,9
"К",608,9
"К",609,15
"К",610,20
"К",611,12
"К",612,3
"К",613,29
"К",614,32
"К",615,15
"К",616,5
"К",617,23
"К",618,35
"К",619,1
"К",620,3
"К",621,41
"К",622,18
"К",623,58
"К",624,3
"К",625,12
"К",626,11
"К",627,1
"К",628,11
"К",629,15
"К",630,3
"К",631,0
"К",632,27
"К",633,7
"К",634,18
"К",635,9
"К",636,27
"К",637,0
"К",638,4
"К",639,14
"К",640,14
"К",641,4
"К",642,23
"К",643,3
"К",644,8
"К",645,4
"К",646,24
"К",647,13
"К",648,5
"К",649,4
"К",650,3
"К",651,1
"К",652,6
"К",653,8
"К",654,4
"К",655,0
"К",656,4
"К",657,5
"К",658,6
"К",659,2
"К",660,7
"К",661,1
"К",662,0
"К",663,4
"К",664,5
"К",665,1
"К",666,1
"К",667,22
"К",668,2
"К",669,3
"К",670,26
"К",671,4
"К",672,1
"К",673,2
"К",674,1
"К",675,2
"К",676,3
"К",677,4
"К",678,0
"К",679,3
"К",680,0
"К",681,1
"К",682,5
"К",683,5
"К",684,2
"К",685,5
"К",686,0
"К",687,1
"К",688,1
"К",689,0
"К",690,1
"К",691,4
"К",692,5
"К",693,4
"К",694,0
"К",695,1
"К",696,0
"К",697,2
"К",698,1
"К",699,2
"К",700,11
"К",701,4
"К",702,9
"К",703,0
"К",704,0
"К",705,13
"К",706,5
"К",707,7
"К",708,6
"К",709,5
"К",710,0
"К",711,3
"К",712,4
"К",713,5
"К",714,2
"К",715,1
"К",716,0
"К",717,3
"К",718,2
"К",719,3
"К",720,0
"К",721,3
"К",722,1
"К",723,3
"К",724,8
"К",725,0
"К",726,5
"К",727,0
"К",728,3
"К",729,4
"К",730,1
"К",731,2
"К",732,4
"К",733,1
"К",734,10
"К",735,9
"К",736,3
"К",737,9
"К",738,3
"К",739,1
"К",740,0
"К",741,5
"К",742,4
"К",743,9
"К",744,6
"К",745,4
"К",746,10
"К",747,18
"К",748,37
"К",749,72
"К",750,31
"К",751,30
"К",752,16
"К",753,74
"К",754,15
"К",755,4
"К",756,38
"К",757,57
"К",758,35
"К",759,33
"К",760,70
"К",761,5
"К",762,14
"К",763,9
"К",764,8
"К",765,40
"К",766,13
"К",767,27
"К",768,14
"К",769,26
"К",770,13
"К",771,45
"К",772,6
"К",773,6
"К",774,3
"К",775,15
"К",776,5
"К",777,3
"К",778,7
"К",779,5
"К",780,10
"К",781,1
"К",782,37
"К",783,13
"К",784,30
"К",785,57
"К",786,6
"К",787,74
"К",788,109
"К",789,15
"К",790,41
"К",791,13
"К",792,34
"К",793,6
"К",794,46
"К",795,30
"К",796,14
"К",797,9
"К",798,20
"К",799,102
"К",800,49
"К",801,10
"К",802,69
"К",803,83
"К",804,52
"К",805,43
"К",806,30
"К",807,13
"К",808,23
"К",809,47
"К",810,27
"К",811,14
"К",812,47
"К",813,6
"К",814,57
"К",815,25
"К",816,13
"К",817,56
"К",818,30
"К",819,13
"К",820,39
"К",821,4
"К",822,6
"К",823,3
"К",824,4
"К",825,0
"К",826,3
"К",827,14
"К",828,2
"К",829,49
"К",830,1
"К",831,14
"К",832,23
"К",833,3
"К",834,28
"К",835,17
"К",836,0
"К",837,0
"К",838,0
"К",839,4
"К",840,4
"К",841,0
"К",842,11
"К",843,21
"К",844,6
"К",845,14
"К",846,0
"К",847,29
"К",848,24
"К",849,11
"К",850,5
"К",851,14
"К",852,0
"К",853,14
"К",854,6
"К",855,4
"К",856,4
"К",857,5
"К",858,1
"К",859,4
"К",860,2
"К",861,1
"К",862,43
"К",863,1
"К",864,11
"К",865,4
"К",866,2
"К",867,1
"К",868,10
"К",869,1
"К",870,4
"К",871,0
"К",872,6
"К",873,2
"К",874,0
"К",875,25
"К",876,0
"К",877,7
"К",878,1
"К",879,6
"К",880,5
"К",881,0
"К",882,3
"К",883,5
"К",884,2
"К",885,3
"К",886,1
"К",887,3
"К",888,5
"К",889,23
"К",890,0
"К",891,7
"К",892,3
"К",893,7
"К",894,5
"К",895,2
"К",896,1
"К",897,0
"К",898,0
"К",899,1
"К",900,5
"К",901,6
"К",902,0
"К",903,105
"К",904,0
"К",905,7
"К",906,0
"К",907,1
"К",908,0
"К",909,18
"К",910,25
"К",911,23
"К",912,0
"К",913,20
"К",914,0
"К",915,13
"К",916,53
"К",917,4
"К",918,10
"К",919,9
"К",920,1
"К",921,1
"К",922,4
"К",923,53
"К",924,14
"К",925,39
"К",926,0
"К",927,21
"К",928,3
"К",929,2
"К",930,23
"К",931,12
"К",932,10
"К",933,1
"К",934,19
"К",935,30
"К",936,25
"К",937,29
"К",938,13
"К",939,3
"К",940,0
"К",941,5
"К",942,30
"К",943,0
"К",944,26
"К",945,5
"К",946,0
"К",947,12
"К",948,15
"К",949,24
"К",950,2
"К",951,12
"К",952,16
"К",953,0
"К",954,0
"К",955,0
"К",956,4
"К",957,0
"К",958,26
"К",959,29
"К",960,0
"К",961,2
"К",962,1
"К",963,17
"К",964,9
"К",965,0
"К",966,0
"К",967,0
"К",968,0
"К",969,0
"К",970,7
"К",971,0
"К",972,0
"К",973,0
"К",974,1
"К",975,0
"К",976,0
"К",977,0
"К",978,0
"К",979,0
"К",980,0
"К",981,0
"К",982,0
"К",983,0
"К",984,0
"К",985,0
"К",986,0
"К",987,0
"К",988,0
"К",989,0
"К",990,0
"К",991,0
"К",992,1
"К",993,0
"К",994,0
"К",995,0
"К",996,0
"К",997,0
"К",998,0
"К",999,0
"К",1000,0
"К",1001,0
"К",1002,0
"К",1003,0
"К",1004,2
"К",1005,0
"К",1006,0
"К",1007,0
"К",1008,0
"К",1009,0
"К",1010,0
"К",1011,0
"К",1012,0
"К",1013,2
"К",1014,0
"К",1015,1
"К",1016,0
"К",1017,0
"К",1018,0
"К",1019,0
"К",1020,0
"К",1021,0
"К",1022,0
"К",1023,0
"К",1024,0
"К",1025,0
"К",1026,0
"К",1027,0
"К",1028,0
"К",1029,0
"К",1030,0
"К",1031,0
"К",1032,8
"К",1033,0
"К",1034,1
"К",1035,0
"К",1036,0
"К",1037,0
"К",1038,0
"К",1039,0
"К",1040,0
"К",1041,1
"К",1042,0
"К",1043,0
"К",1044,0
"К",1045,0
"К",1046,0
"К",1047,0
"К",1048,0
"К",1049,0
"К",1050,0
"К",1051,0
"К",1052,1
"К",1053,0
"К",1054,0
"К",1055,2
"К",1056,0
"К",1057,0
"К",1058,0
"К",1059,0
"К",1060,0
"К",1061,0
"К",1062,0
"К",1063,0
"К",1064,2
"К",1065,0
"К",1066,0
"К",1067,0
"К",1068,0
"К",1069,0
"К",1070,0
"К",1071,0
"К",1072,1
"К",1073,1
"К",1074,0
"К",1075,0
"К",1076,0
"К",1077,0
"К",1078,0
"К",1079,1
"К",1080,0
"К",1081,0
"К",1082,0
"К",1083,0
"К",1084,0
"К",1085,0
"К",1086,0
"К",1087,0
"К",1088,0
"К",1089,0
"К",1090,0
"К",1091,0
"К",1092,0
"К",1093,0
"К",1094,0
"К",1095,0
"К",1096,0
"К",1097,0
"К",1098,0
"К",1099,0
"К",1100,0
"К",1101,0
"К",1102,0
"К",1103,0
"К",1104,0
"К",1105,0
"К",1106,0
"К",1107,0
"К",1108,0
"К",1109,0
"К",1110,0
"К",1111,0
"К",1112,0
"К",1113,0
"К",1114,0
"К",1115,0
"К",1116,0
"К",1117,0
"К",1118,0
"К",1119,0
"К",1120,0
"К",1121,0
"К",1122,0
"К",1123,0
"К",1124,0
"К",1125,0
"К",1126,0
"К",1127,0
"К",1128,0
"К",1129,0
"К",1130,0
"К",1131,0
"К",1132,0
"К",1133,0
"К",1134,0
"К",1135,0
"К",1136,0
"К",1137,0
"К",1138,0
"К",1139,0
"К",1140,0
"К",1141,0
"К",1142,0
"К",1143,0
"К",1144,0
"К",1145,0
"К",1146,0
"К",1147,0
"К",1148,0
"К",1149,0
"К",1150,0
"К",1151,0
"К",1152,0
"К",1153,0
"К",1154,0
"К",1155,0
"К",1156,0
"К",1157,0
"К",1158,0
"К",1159,0
"К",1160,0
"К",1161,0
"К",1162,0
"К",1163,0
"К",1164,0
"К",1165,1
"К",1166,0
"К",1167,0
"К",1168,0
"К",1169,0
"К",1170,0
"К",1171,0
"К",1172,0
"К",1173,0
"К",1174,0
"К",1175,0
"К",1176,0
"К",1177,0
"К",1178,1
"К",1179,0
"К",1180,0
"К",1181,0
"К",1182,0
"К",1183,0
"К",1184,0
"К",1185,0
"К",1186,0
"К",1187,0
"К",1188,0
"К",1189,0
"К",1190,0
"К",1191,0
"К",1192,0
"К",1193,0
"К",1194,0
"К",1195,0
"К",1196,0
"К",1197,0
"К",1198,0
"К",1199,0
"К",1200,0
"К",1201,0
"К",1202,0
"К",1203,0
"К",1204,0
"К",1205,0
"К",1206,0
"К",1207,0
"К",1208,0
"К",1209,0
"К",1210,0
"К",1211,0
"К",1212,0
"К",1213,0
"К",1214,0
"К",1215,0
"К",1216,0
"К",1217,0
"К",1218,0
"К",1219,0
"К",1220,0
"К",1221,0
"К",1222,0
"К",1223,0
"К",1224,0
"К",1225,0
"К",1226,0
"К",1227,0
"К",1228,0
"К",1229,0
"К",1230,0
"К",1231,0
"К",1232,0
"К",1233,0
"К",1234,0
"К",1235,0
"К",1236,0
"К",1237,0
"К",1238,0
"К",1239,0
"К",1240,0
"К",1241,0
"К",1242,0
"К",1243,0
"К",1244,0
"К",1245,0
"К",1246,0
"К",1247,0
"К",1248,0
"К",1249,0
"К",1250,0
"К",1251,0
"К",1252,0
"К",1253,0
"К",1254,0
"К",1255,0
"К",1256,0
"К",1257,0
"К",1258,0
"К",1259,0
"К",1260,0
"К",1261,0
"К",1262,0
"К",1263,0
"К",1264,0
"К",1265,0
"К",1266,0
"К",1267,0
"К",1268,0
"К",1269,0
"К",1270,0
"К",1271,0
"К",1272,0
"К",1273,0
"К",1274,0
"К",1275,0
"К",1276,0
"К",1277,0
"К",1278,0
"К",1279,0
"К",1280,0
"К",1281,0
"К",1282,0
"К",1283,0
"К",1284,0
"К",1285,0
"К",1286,0
"К",1287,0
"К",1288,0
"К",1289,0
"К",1290,0
"К",1291,0
"К",1292,0
"К",1293,0
"К",1294,0
"К",1295,0
"К",1296,2
"К",1297,0
"К",1298,0
"К",1299,0
"К",1300,0
"К",1301,0
"К",1302,0
"К",1303,0
"К",1304,0
"К",1305,0
"К",1306,0
"К",1307,0
"К",1308,0
"К",1309,0
"К",1310,0
"К",1311,0
"К",1312,0
"К",1313,0
"К",1314,0
"К",1315,0
"К",1316,0
"К",1317,0
"К",1318,0
"К",1319,0
"К",1320,0
"К",1321,0
"К",1322,0
"К",1323,0
"К",1324,0
"К",1325,0
"К",1326,0
"К",1327,0
"К",1328,0
"К",1329,0
"К",1330,0
"К",1331,0
"К",1332,0
"К",1333,0
"К",1334,0
"К",1335,0
"К",1336,0
"К",1337,0
"К",1338,0
"К",1339,0
"К",1340,0
"К",1341,0
"К",1342,0
"К",1343,0
"К",1344,0
"К",1345,0
"К",1346,0
"К",1347,0
"К",1348,0
"К",1349,0
"К",1350,0
"К",1351,0
"К",1352,0
"К",1353,0
"К",1354,0
"К",1355,0
"К",1356,0
"К",1357,0
"К",1358,0
"К",1359,0
"К",1360,0
"К",1361,0
"К",1362,0
"К",1363,0
"К",1364,0
"К",1365,0
"К",1366,0
"К",1367,0
"К",1368,0
"К",1369,0
"К",1370,0
"К",1371,0
"К",1372,0
"К",1373,0
"К",1374,0
"К",1375,0
"К",1376,0
"К",1377,0
"К",1378,0
"К",1379,0
"К",1380,0
"К",1381,0
"К",1382,0
"К",1383,0
"К",1384,0
"К",1385,1
"К",1386,0
"К",1387,0
"К",1388,0
"К",1389,0
"К",1390,0
"К",1391,0
"К",1392,0
"К",1393,0
"К",1394,0
"К",1395,0
"К",1396,0
"К",1397,0
"К",1398,0
"К",1399,0
"К",1400,0
"К",1401,0
"К",1402,0
"К",1403,0
"К",1404,0
"К",1405,0
"К",1406,0
"К",1407,0
"К",1408,0
"К",1409,0
"К",1410,0
"К",1411,0
"К",1412,0
"К",1413,0
"К",1414,0
"К",1415,0
"К",1416,0
"К",1417,0
"К",1418,0
"К",1419,0
"К",1420,0
"К",1421,0
"К",1422,0
"К",1423,0
"К",1424,0
"К",1425,1
"К",1426,0
"К",1427,0
"К",1428,0
"К",1429,0
"К",1430,0
"К",1431,0
"К",1432,0
"К",1433,0
"К",1434,0
"К",1435,0
"К",1436,0
"К",1437,0
"К",1438,0
"К",1439,0
"К",1440,0
"К",1441,0
"К",1442,0
"К",1443,0
"К",1444,0
"К",1445,0
"К",1446,0
"К",1447,0
"К",1448,0
"К",1449,0
"К",1450,0
"К",1451,0
"К",1452,0
"К",1453,0
"К",1454,0
"К",1455,0
"К",1456,0
"К",1457,0
"К",1458,0
"К",1459,0
"К",1460,0
"К",1461,0
"К",1462,0
"К",1463,0
"К",1464,0
"К",1465,0
"К",1466,0
"К",1467,0
"К",1468,0
"К",1469,0
"К",1470,0
"К",1471,0
"К",1472,0
"К",1473,0
"К",1474,0
"К",1475,0
"К",1476,0
"К",1477,0
"К",1478,0
"К",1479,0
"К",1480,0
"К",1481,0
"К",1482,0
"К",1483,0
"К",1484,0
"К",1485,0
"К",1486,0
"К",1487,0
"К",1488,0
"К",1489,0
"К",1490,0
"К",1491,0
"К",1492,0
"К",1493,0
"К",1494,0
"К",1495,0
"К",1496,0
"К",1497,0
"К",1498,0
"К",1499,0
"К",1500,0
"Л",1,0
"Л",2,0
"Л",3,0
"Л",4,0
"Л",5,14
"Л",6,0
"Л",7,13
"Л",8,8
"Л",9,0
"Л",10,0
"Л",11,1
"Л",12,2
"Л",13,0
"Л",14,7
"Л",15,0
"Л",16,5
"Л",17,0
"Л",18,0
"Л",19,7
"Л",20,12
"Л",21,0
"Л",22,7
"Л",23,0
"Л",24,2
"Л",25,1
"Л",26,1
"Л",27,0
"Л",28,0
"Л",29,0
"Л",30,5
"Л",31,0
"Л",32,0
"Л",33,0
"Л",34,0
"Л",35,0
"Л",36,0
"Л",37,0
"Л",38,0
"Л",39,0
"Л",40,0
"Л",41,0
"Л",42,357
"Л",43,0
"Л",44,1275
"Л",45,282
"Л",46,0
"Л",47,11
"Л",48,0
"Л",49,165
"Л",50,55
"Л",51,465
"Л",52,5
"Л",53,53
"Л",54,5
"Л",55,155
"Л",56,109
"Л",57,0
"Л",58,20
"Л",59,117
"Л",60,14
"Л",61,1
"Л",62,0
"Л",63,42
"Л",64,6
"Л",65,36
"Л",66,2
"Л",67,24
"Л",68,0
"Л",69,4
"Л",70,0
"Л",71,3
"Л",72,0
"Л",73,1
"Л",74,1
"Л",75,0
"Л",76,1
"Л",77,2
"Л",78,0
"Л",79,0
"Л",80,0
"Л",81,1
"Л",82,0
"Л",83,2
"Л",84,1
"Л",85,0
"Л",86,2
"Л",87,1
"Л",88,0
"Л",89,0
"Л",90,1
"Л",91,0
"Л",92,4
"Л",93,2
"Л",94,0
"Л",95,1
"Л",96,0
"Л",97,1
"Л",98,3
"Л",99,4
"Л",100,0
"Л",101,1
"Л",102,1
"Л",103,3
"Л",104,0
"Л",105,2
"Л",106,2
"Л",107,5
"Л",108,9
"Л",109,8
"Л",110,9
"Л",111,3
"Л",112,3
"Л",113,3
"Л",114,1
"Л",115,4
"Л",116,4
"Л",117,4
"Л",118,7
"Л",119,4
"Л",120,7
"Л",121,4
"Л",122,4
"Л",123,10
"Л",124,4
"Л",125,9
"Л",126,7
"Л",127,6
"Л",128,13
"Л",129,12
"Л",130,14
"Л",131,7
"Л",132,14
"Л",133,6
"Л",134,7
"Л",135,9
"Л",136,8
"Л",137,11
"Л",138,12
"Л",139,8
"Л",140,11
"Л",141,30
"Л",142,25
"Л",143,8
"Л",144,9
"Л",145,16
"Л",146,22
"Л",147,22
"Л",148,21
"Л",149,21
"Л",150,12
"Л",151,16
"Л",152,15
"Л",153,24
"Л",154,17
"Л",155,14
"Л",156,21
"Л",157,28
"Л",158,14
"Л",159,19
"Л",160,44
"Л",161,22
"Л",162,35
"Л",163,20
"Л",164,14
"Л",165,21
"Л",166,19
"Л",167,30
"Л",168,25
"Л",169,18
"Л",170,48
"Л",171,26
"Л",172,25
"Л",173,41
"Л",174,25
"Л",175,48
"Л",176,38
"Л",177,37
"Л",178,37
"Л",179,70
"Л",180,34
"Л",181,21
"Л",182,34
"Л",183,35
"Л",184,64
"Л",185,58
"Л",186,39
"Л",187,52
"Л",188,36
"Л",189,54
"Л",190,37
"Л",191,43
"Л",192,37
"Л",193,75
"Л",194,73
"Л",195,45
"Л",196,59
"Л",197,52
"Л",198,51
"Л",199,56
"Л",200,47
"Л",201,72
"Л",202,83
"Л",203,57
"Л",204,90
"Л",205,83
"Л",206,111
"Л",207,99
"Л",208,30
"Л",209,56
"Л",210,46
"Л",211,45
"Л",212,46
"Л",213,70
"Л",214,173
"Л",215,71
"Л",216,79
"Л",217,99
"Л",218,95
"Л",219,79
"Л",220,90
"Л",221,55
"Л",222,116
"Л",223,102
"Л",224,136
"Л",225,71
"Л",226,114
"Л",227,136
"Л",228,92
"Л",229,95
"Л",230,77
"Л",231,91
"Л",232,137
"Л",233,125
"Л",234,210
"Л",235,130
"Л",236,108
"Л",237,210
"Л",238,104
"Л",239,91
"Л",240,168
"Л",241,155
"Л",242,105
"Л",243,149
"Л",244,117
"Л",245,172
"Л",246,186
"Л",247,180
"Л",248,204
"Л",249,136
"Л",250,262
"Л",251,194
"Л",252,184
"Л",253,152
"Л",254,118
"Л",255,173
"Л",256,167
"Л",257,240
"Л",258,185
"Л",259,320
"Л",260,204
"Л",261,279
"Л",262,130
"Л",263,152
"Л",264,192
"Л",265,204
"Л",266,184
"Л",267,311
"Л",268,155
"Л",269,356
"Л",270,203
"Л",271,232
"Л",272,260
"Л",273,211
"Л",274,270
"Л",275,187
"Л",276,169
"Л",277,322
"Л",278,226
"Л",279,247
"Л",280,358
"Л",281,259
"Л",282,428
"Л",283,165
"Л",284,312
"Л",285,236
"Л",286,201
"Л",287,210
"Л",288,277
"Л",289,235
"Л",290,407
"Л",291,745
"Л",292,439
"Л",293,315
"Л",294,570
"Л",295,406
"Л",296,220
"Л",297,405
"Л",298,215
"Л",299,522
"Л",300,294
"Л",301,530
"Л",302,485
"Л",303,379
"Л",304,412
"Л",305,358
"Л",306,298
"Л",307,307
"Л",308,333
"Л",309,500
"Л",310,520
"Л",311,477
"Л",312,497
"Л",313,473
"Л",314,319
"Л",315,342
"Л",316,634
"Л",317,370
"Л",318,642
"Л",319,625
"Л",320,442
"Л",321,429
"Л",322,343
"Л",323,926
"Л",324,464
"Л",325,350
"Л",326,905
"Л",327,575
"Л",328,513
"Л",329,661
"Л",330,375
"Л",331,862
"Л",332,897
"Л",333,385
"Л",334,684
"Л",335,484
"Л",336,428
"Л",337,575
"Л",338,571
"Л",339,589
"Л",340,720
"Л",341,457
"Л",342,557
"Л",343,726
"Л",344,545
"Л",345,617
"Л",346,749
"Л",347,537
"Л",348,637
"Л",349,673
"Л",350,445
"Л",351,568
"Л",352,935
"Л",353,505
"Л",354,625
"Л",355,985
"Л",356,1070
"Л",357,576
"Л",358,631
"Л",359,647
"Л",360,669
"Л",361,795
"Л",362,794
"Л",363,1533
"Л",364,619
"Л",365,666
"Л",366,484
"Л",367,597
"Л",368,601
"Л",369,862
"Л",370,625
"Л",371,879
"Л",372,848
"Л",373,854
"Л",374,763
"Л",375,944
"Л",376,607
"Л",377,801
"Л",378,1144
"Л",379,633
"Л",380,739
"Л",381,1442
"Л",382,640
"Л",383,549
"Л",384,1105
"Л",385,842
"Л",386,1285
"Л",387,1169
"Л",388,896
"Л",389,958
"Л",390,707
"Л",391,858
"Л",392,578
"Л",393,1627
"Л",394,1024
"Л",395,1636
"Л",396,940
"Л",397,1380
"Л",398,497
"Л",399,839
"Л",400,948
"Л",401,1114
"Л",402,990
"Л",403,1163
"Л",404,946
"Л",405,494
"Л",406,925
"Л",407,1013
"Л",408,1257
"Л",409,949
"Л",410,1242
"Л",411,715
"Л",412,706
"Л",413,1473
"Л",414,827
"Л",415,809
"Л",416,1341
"Л",417,1259
"Л",418,908
"Л",419,1112
"Л",420,1117
"Л",421,1611
"Л",422,898
"Л",423,1088
"Л",424,1006
"Л",425,1275
"Л",426,671
"Л",427,1525
"Л",428,1359
"Л",429,1244
"Л",430,830
"Л",431,2051
"Л",432,1106
"Л",433,970
"Л",434,847
"Л",435,1492
"Л",436,1240
"Л",437,1145
"Л",438,1195
"Л",439,1560
"Л",440,976
"Л",441,883
"Л",442,1515
"Л",443,743
"Л",444,1141
"Л",445,1022
"Л",446,1427
"Л",447,1127
"Л",448,753
"Л",449,708
"Л",450,997
"Л",451,637
"Л",452,1136
"Л",453,1461
"Л",454,1642
"Л",455,1406
"Л",456,853
"Л",457,1405
"Л",458,820
"Л",459,1006
"Л",460,827
"Л",461,1766
"Л",462,1296
"Л",463,1515
"Л",464,724
"Л",465,1508
"Л",466,788
"Л",467,988
"Л",468,1012
"Л",469,2595
"Л",470,883
"Л",471,957
"Л",472,924
"Л",473,1536
"Л",474,768
"Л",475,1168
"Л",476,1304
"Л",477,1274
"Л",478,1058
"Л",479,1219
"Л",480,1037
"Л",481,1233
"Л",482,816
"Л",483,901
"Л",484,624
"Л",485,1298
"Л",486,1416
"Л",487,728
"Л",488,1307
"Л",489,1358
"Л",490,1107
"Л",491,842
"Л",492,923
"Л",493,1275
"Л",494,2562
"Л",495,655
"Л",496,1465
"Л",497,1362
"Л",498,1595
"Л",499,1471
"Л",500,1128
"Л",501,1376
"Л",502,1591
"Л",503,1138
"Л",504,1414
"Л",505,970
"Л",506,1442
"Л",507,1791
"Л",508,1011
"Л",509,1257
"Л",510,968
"Л",511,1340
"Л",512,1209
"Л",513,1057
"Л",514,1094
"Л",515,2593
"Л",516,905
"Л",517,1131
"Л",518,1138
"Л",519,1609
"Л",520,1078
"Л",521,1183
"Л",522,1340
"Л",523,1610
"Л",524,1022
"Л",525,959
"Л",526,1100
"Л",527,1055
"Л",528,784
"Л",529,813
"Л",530,1855
"Л",531,841
"Л",532,1381
"Л",533,1623
"Л",534,832
"Л",535,1051
"Л",536,863
"Л",537,1130
"Л",538,1946
"Л",539,1428
"Л",540,1276
"Л",541,1390
"Л",542,1296
"Л",543,1580
"Л",544,1057
"Л",545,1578
"Л",546,1652
"Л",547,1685
"Л",548,1340
"Л",549,1548
"Л",550,1298
"Л",551,1494
"Л",552,1063
"Л",553,1152
"Л",554,1000
"Л",555,2344
"Л",556,1532
"Л",557,1132
"Л",558,1069
"Л",559,929
"Л",560,1386
"Л",561,1148
"Л",562,1696
"Л",563,1131
"Л",564,1391
"Л",565,1552
"Л",566,856
"Л",567,2074
"Л",568,1600
"Л",569,966
"Л",570,1687
"Л",571,1461
"Л",572,875
"Л",573,957
"Л",574,1024
"Л",575,1707
"Л",576,724
"Л",577,1073
"Л",578,1002
"Л",579,1157
"Л",580,1251
"Л",581,1402
"Л",582,1823
"Л",583,1042
"Л",584,874
"Л",585,1108
"Л",586,989
"Л",587,1940
"Л",588,1357
"Л",589,1222
"Л",590,1346
"Л",591,1027
"Л",592,2037
"Л",593,1213
"Л",594,2118
"Л",595,1754
"Л",596,1445
"Л",597,2058
"Л",598,1160
"Л",599,971
"Л",600,1733
"Л",601,1390
"Л",602,1637
"Л",603,1502
"Л",604,1418
"Л",605,1479
"Л",606,1203
"Л",607,1145
"Л",608,1149
"Л",609,1253
"Л",610,1343
"Л",611,2091
"Л",612,810
"Л",613,883
"Л",614,864
"Л",615,1133
"Л",616,864
"Л",617,668
"Л",618,1175
"Л",619,2379
"Л",620,689
"Л",621,1472
"Л",622,1165
"Л",623,1328
"Л",624,1149
"Л",625,826
"Л",626,1110
"Л",627,1688
"Л",628,1603
"Л",629,1043
"Л",630,584
"Л",631,1304
"Л",632,916
"Л",633,786
"Л",634,1464
"Л",635,839
"Л",636,1172
"Л",637,1081
"Л",638,1085
"Л",639,1801
"Л",640,1320
"Л",641,932
"Л",642,699
"Л",643,986
"Л",644,1334
"Л",645,944
"Л",646,1382
"Л",647,1222
"Л",648,1050
"Л",649,1145
"Л",650,1719
"Л",651,1030
"Л",652,911
"Л",653,791
"Л",654,1260
"Л",655,1334
"Л",656,1574
"Л",657,1055
"Л",658,976
"Л",659,770
"Л",660,828
"Л",661,772
"Л",662,730
"Л",663,876
"Л",664,827
"Л",665,668
"Л",666,711
"Л",667,647
"Л",668,599
"Л",669,672
"Л",670,1170
"Л",671,556
"Л",672,705
"Л",673,1663
"Л",674,667
"Л",675,620
"Л",676,875
"Л",677,832
"Л",678,632
"Л",679,1060
"Л",680,1075
"Л",681,969
"Л",682,571
"Л",683,620
"Л",684,994
"Л",685,937
"Л",686,1600
"Л",687,878
"Л",688,841
"Л",689,986
"Л",690,521
"Л",691,793
"Л",692,583
"Л",693,423
"Л",694,1711
"Л",695,521
"Л",696,625
"Л",697,1072
"Л",698,874
"Л",699,598
"Л",700,562
"Л",701,612
"Л",702,1113
"Л",703,654
"Л",704,797
"Л",705,466
"Л",706,865
"Л",707,452
"Л",708,648
"Л",709,603
"Л",710,488
"Л",711,935
"Л",712,348
"Л",713,767
"Л",714,505
"Л",715,702
"Л",716,560
"Л",717,661
"Л",718,382
"Л",719,653
"Л",720,401
"Л",721,472
"Л",722,493
"Л",723,665
"Л",724,336
"Л",725,670
"Л",726,532
"Л",727,347
"Л",728,445
"Л",729,358
"Л",730,667
"Л",731,505
"Л",732,344
"Л",733,886
"Л",734,315
"Л",735,328
"Л",736,1101
"Л",737,620
"Л",738,389
"Л",739,549
"Л",740,463
"Л",741,440
"Л",742,314
"Л",743,637
"Л",744,651
"Л",745,490
"Л",746,442
"Л",747,248
"Л",748,244
"Л",749,406
"Л",750,811
"Л",751,620
"Л",752,484
"Л",753,349
"Л",754,350
"Л",755,275
"Л",756,1069
"Л",757,908
"Л",758,409
"Л",759,308
"Л",760,568
"Л",761,314
"Л",762,262
"Л",763,484
"Л",764,850
"Л",765,310
"Л",766,347
"Л",767,161
"Л",768,486
"Л",769,441
"Л",770,379
"Л",771,316
"Л",772,355
"Л",773,204
"Л",774,145
"Л",775,201
"Л",776,538
"Л",777,139
"Л",778,228
"Л",779,115
"Л",780,178
"Л",781,357
"Л",782,159
"Л",783,514
"Л",784,146
"Л",785,800
"Л",786,166
"Л",787,210
"Л",788,159
"Л",789,450
"Л",790,266
"Л",791,237
"Л",792,116
"Л",793,390
"Л",794,946
"Л",795,182
"Л",796,335
"Л",797,269
"Л",798,513
"Л",799,241
"Л",800,439
"Л",801,494
"Л",802,285
"Л",803,174
"Л",804,372
"Л",805,480
"Л",806,230
"Л",807,137
"Л",808,554
"Л",809,306
"Л",810,487
"Л",811,162
"Л",812,202
"Л",813,541
"Л",814,394
"Л",815,452
"Л",816,465
"Л",817,521
"Л",818,249
"Л",819,212
"Л",820,186
"Л",821,696
"Л",822,218
"Л",823,178
"Л",824,390
"Л",825,226
"Л",826,760
"Л",827,688
"Л",828,340
"Л",829,232
"Л",830,477
"Л",831,206
"Л",832,171
"Л",833,206
"Л",834,677
"Л",835,186
"Л",836,157
"Л",837,438
"Л",838,529
"Л",839,187
"Л",840,181
"Л",841,657
"Л",842,277
"Л",843,408
"Л",844,146
"Л",845,358
"Л",846,247
"Л",847,164
"Л",848,64
"Л",849,241
"Л",850,266
"Л",851,163
"Л",852,61
"Л",853,66
"Л",854,318
"Л",855,99
"Л",856,214
"Л",857,43
"Л",858,491
"Л",859,363
"Л",860,113
"Л",861,69
"Л",862,95
"Л",863,150
"Л",864,89
"Л",865,91
"Л",866,375
"Л",867,193
"Л",868,137
"Л",869,118
"Л",870,94
"Л",871,90
"Л",872,242
"Л",873,80
"Л",874,448
"Л",875,123
"Л",876,708
"Л",877,20
"Л",878,37
"Л",879,353
"Л",880,271
"Л",881,387
"Л",882,167
"Л",883,160
"Л",884,808
"Л",885,30
"Л",886,43
"Л",887,462
"Л",888,182
"Л",889,146
"Л",890,237
"Л",891,64
"Л",892,908
"Л",893,261
"Л",894,66
"Л",895,43
"Л",896,335
"Л",897,202
"Л",898,40
"Л",899,82
"Л",900,419
"Л",901,201
"Л",902,188
"Л",903,7
"Л",904,372
"Л",905,105
"Л",906,261
"Л",907,57
"Л",908,230
"Л",909,177
"Л",910,134
"Л",911,33
"Л",912,144
"Л",913,77
"Л",914,130
"Л",915,359
"Л",916,75
"Л",917,53
"Л",918,133
"Л",919,65
"Л",920,114
"Л",921,105
"Л",922,159
"Л",923,79
"Л",924,1040
"Л",925,116
"Л",926,47
"Л",927,79
"Л",928,543
"Л",929,279
"Л",930,234
"Л",931,122
"Л",932,409
"Л",933,68
"Л",934,33
"Л",935,51
"Л",936,126
"Л",937,172
"Л",938,58
"Л",939,59
"Л",940,28
"Л",941,296
"Л",942,56
"Л",943,51
"Л",944,192
"Л",945,254
"Л",946,69
"Л",947,86
"Л",948,116
"Л",949,201
"Л",950,80
"Л",951,54
"Л",952,58
"Л",953,102
"Л",954,106
"Л",955,10
"Л",956,84
"Л",957,306
"Л",958,494
"Л",959,18
"Л",960,135
"Л",961,63
"Л",962,368
"Л",963,70
"Л",964,50
"Л",965,162
"Л",966,359
"Л",967,260
"Л",968,134
"Л",969,64
"Л",970,251
"Л",971,170
"Л",972,244
"Л",973,29
"Л",974,261
"Л",975,148
"Л",976,120
"Л",977,24
"Л",978,120
"Л",979,131
"Л",980,90
"Л",981,72
"Л",982,51
"Л",983,226
"Л",984,29
"Л",985,138
"Л",986,71
"Л",987,57
"Л",988,32
"Л",989,73
"Л",990,24
"Л",991,91
"Л",992,121
"Л",993,51
"Л",994,20
"Л",995,108
"Л",996,16
"Л",997,17
"Л",998,4
"Л",999,59
"Л",1000,10
"Л",1001,84
"Л",1002,187
"Л",1003,2
"Л",1004,31
"Л",1005,85
"Л",1006,36
"Л",1007,33
"Л",1008,19
"Л",1009,65
"Л",1010,55
"Л",1011,638
"Л",1012,2
"Л",1013,8
"Л",1014,60
"Л",1015,331
"Л",1016,26
"Л",1017,333
"Л",1018,5
"Л",1019,304
"Л",1020,12
"Л",1021,3
"Л",1022,31
"Л",1023,82
"Л",1024,95
"Л",1025,135
"Л",1026,10
"Л",1027,131
"Л",1028,48
"Л",1029,3
"Л",1030,32
"Л",1031,33
"Л",1032,302
"Л",1033,3
"Л",1034,43
"Л",1035,66
"Л",1036,64
"Л",1037,15
"Л",1038,17
"Л",1039,13
"Л",1040,89
"Л",1041,2
"Л",1042,25
"Л",1043,31
"Л",1044,104
"Л",1045,39
"Л",1046,1
"Л",1047,83
"Л",1048,39
"Л",1049,46
"Л",1050,11
"Л",1051,26
"Л",1052,262
"Л",1053,43
"Л",1054,1
"Л",1055,96
"Л",1056,22
"Л",1057,62
"Л",1058,5
"Л",1059,18
"Л",1060,0
"Л",1061,28
"Л",1062,14
"Л",1063,160
"Л",1064,13
"Л",1065,16
"Л",1066,6
"Л",1067,3
"Л",1068,24
"Л",1069,3
"Л",1070,12
"Л",1071,0
"Л",1072,6
"Л",1073,6
"Л",1074,2
"Л",1075,2
"Л",1076,13
"Л",1077,2
"Л",1078,0
"Л",1079,2
"Л",1080,0
"Л",1081,6
"Л",1082,0
"Л",1083,19
"Л",1084,0
"Л",1085,2
"Л",1086,3
"Л",1087,2
"Л",1088,2
"Л",1089,1
"Л",1090,0
"Л",1091,2
"Л",1092,0
"Л",1093,5
"Л",1094,4
"Л",1095,1
"Л",1096,8
"Л",1097,2
"Л",1098,0
"Л",1099,0
"Л",1100,3
"Л",1101,1
"Л",1102,1
"Л",1103,0
"Л",1104,2
"Л",1105,0
"Л",1106,1
"Л",1107,1
"Л",1108,0
"Л",1109,0
"Л",1110,1
"Л",1111,0
"Л",1112,2
"Л",1113,0
"Л",1114,3
"Л",1115,4
"Л",1116,0
"Л",1117,2
"Л",1118,8
"Л",1119,0
"Л",1120,6
"Л",1121,10
"Л",1122,0
"Л",1123,6
"Л",1124,0
"Л",1125,2
"Л",1126,0
"Л",1127,0
"Л",1128,5
"Л",1129,0
"Л",1130,0
"Л",1131,1
"Л",1132,6
"Л",1133,3
"Л",1134,0
"Л",1135,0
"Л",1136,2
"Л",1137,0
"Л",1138,0
"Л",1139,1
"Л",1140,0
"Л",1141,2
"Л",1142,1
"Л",1143,0
"Л",1144,8
"Л",1145,0
"Л",1146,0
"Л",1147,0
"Л",1148,9
"Л",1149,2
"Л",1150,1
"Л",1151,0
"Л",1152,1
"Л",1153,0
"Л",1154,0
"Л",1155,0
"Л",1156,0
"Л",1157,3
"Л",1158,0
"Л",1159,0
"Л",1160,1
"Л",1161,0
"Л",1162,0
"Л",1163,0
"Л",1164,0
"Л",1165,0
"Л",1166,0
"Л",1167,0
"Л",1168,2
"Л",1169,4
"Л",1170,0
"Л",1171,0
"Л",1172,0
"Л",1173,0
"Л",1174,0
"Л",1175,0
"Л",1176,0
"Л",1177,0
"Л",1178,0
"Л",1179,4
"Л",1180,0
"Л",1181,0
"Л",1182,0
"Л",1183,0
"Л",1184,0
"Л",1185,1
"Л",1186,0
"Л",1187,1
"Л",1188,0
"Л",1189,2
"Л",1190,0
"Л",1191,0
"Л",1192,0
"Л",1193,0
"Л",1194,0
"Л",1195,0
"Л",1196,0
"Л",1197,0
"Л",1198,0
"Л",1199,1
"Л",1200,0
"Л",1201,0
"Л",1202,0
"Л",1203,0
"Л",1204,0
"Л",1205,0
"Л",1206,0
"Л",1207,0
"Л",1208,0
"Л",1209,0
"Л",1210,0
"Л",1211,0
"Л",1212,0
"Л",1213,0
"Л",1214,0
"Л",1215,0
"Л",1216,0
"Л",1217,0
"Л",1218,0
"Л",1219,0
"Л",1220,1
"Л",1221,0
"Л",1222,0
"Л",1223,0
"Л",1224,0
"Л",1225,0
"Л",1226,0
"Л",1227,0
"Л",1228,0
"Л",1229,0
"Л",1230,0
"Л",1231,0
"Л",1232,0
"Л",1233,0
"Л",1234,0
"Л",1235,0
"Л",1236,0
"Л",1237,0
"Л",1238,0
"Л",1239,0
"Л",1240,0
"Л",1241,0
"Л",1242,0
"Л",1243,0
"Л",1244,0
"Л",1245,0
"Л",1246,0
"Л",1247,0
"Л",1248,0
"Л",1249,0
"Л",1250,0
"Л",1251,0
"Л",1252,0
"Л",1253,0
"Л",1254,0
"Л",1255,0
"Л",1256,0
"Л",1257,0
"Л",1258,0
"Л",1259,0
"Л",1260,0
"Л",1261,0
"Л",1262,0
"Л",1263,0
"Л",1264,0
"Л",1265,0
"Л",1266,0
"Л",1267,0
"Л",1268,0
"Л",1269,0
"Л",1270,0
"Л",1271,0
"Л",1272,0
"Л",1273,0
"Л",1274,0
"Л",1275,0
"Л",1276,0
"Л",1277,0
"Л",1278,0
"Л",1279,0
"Л",1280,0
"Л",1281,0
"Л",1282,0
"Л",1283,0
"Л",1284,0
"Л",1285,0
"Л",1286,0
"Л",1287,0
"Л",1288,0
"Л",1289,0
"Л",1290,0
"Л",1291,0
"Л",1292,0
"Л",1293,0
"Л",1294,0
"Л",1295,0
"Л",1296,0
"Л",1297,0
"Л",1298,1
"Л",1299,0
"Л",1300,0
"Л",1301,0
"Л",1302,0
"Л",1303,0
"Л",1304,1
"Л",1305,0
"Л",1306,0
"Л",1307,0
"Л",1308,0
"Л",1309,0
"Л",1310,1
"Л",1311,0
"Л",1312,0
"Л",1313,0
"Л",1314,0
"Л",1315,0
"Л",1316,0
"Л",1317,0
"Л",1318,0
"Л",1319,2
"Л",1320,0
"Л",1321,0
"Л",1322,0
"Л",1323,0
"Л",1324,0
"Л",1325,1
"Л",1326,0
"Л",1327,0
"Л",1328,0
"Л",1329,0
"Л",1330,0
"Л",1331,2
"Л",1332,0
"Л",1333,0
"Л",1334,0
"Л",1335,0
"Л",1336,0
"Л",1337,0
"Л",1338,0
"Л",1339,0
"Л",1340,0
"Л",1341,0
"Л",1342,0
"Л",1343,0
"Л",1344,0
"Л",1345,0
"Л",1346,0
"Л",1347,0
"Л",1348,2
"Л",1349,0
"Л",1350,0
"Л",1351,0
"Л",1352,0
"Л",1353,0
"Л",1354,0
"Л",1355,0
"Л",1356,1
"Л",1357,0
"Л",1358,0
"Л",1359,0
"Л",1360,0
"Л",1361,0
"Л",1362,0
"Л",1363,0
"Л",1364,0
"Л",1365,0
"Л",1366,0
"Л",1367,0
"Л",1368,0
"Л",1369,0
"Л",1370,0
"Л",1371,0
"Л",1372,0
"Л",1373,0
"Л",1374,0
"Л",1375,0
"Л",1376,0
"Л",1377,0
"Л",1378,0
"Л",1379,0
"Л",1380,0
"Л",1381,1
"Л",1382,0
"Л",1383,0
"Л",1384,0
"Л",1385,0
"Л",1386,0
"Л",1387,0
"Л",1388,0
"Л",1389,0
"Л",1390,0
"Л",1391,0
"Л",1392,0
"Л",1393,0
"Л",1394,0
"Л",1395,0
"Л",1396,0
"Л",1397,0
"Л",1398,0
"Л",1399,0
"Л",1400,0
"Л",1401,0
"Л",1402,0
"Л",1403,0
"Л",1404,0
"Л",1405,0
"Л",1406,0
"Л",1407,1
"Л",1408,0
"Л",1409,0
"Л",1410,0
"Л",1411,0
"Л",1412,0
"Л",1413,0
"Л",1414,0
"Л",1415,0
"Л",1416,0
"Л",1417,0
"Л",1418,0
"Л",1419,0
"Л",1420,0
"Л",1421,0
"Л",1422,0
"Л",1423,0
"Л",1424,0
"Л",1425,0
"Л",1426,0
"Л",1427,0
"Л",1428,0
"Л",1429,0
"Л",1430,0
"Л",1431,0
"Л",1432,0
"Л",1433,0
"Л",1434,0
"Л",1435,0
"Л",1436,0
"Л",1437,0
"Л",1438,0
"Л",1439,0
"Л",1440,0
"Л",1441,0
"Л",1442,0
"Л",1443,0
"Л",1444,0
"Л",1445,0
"Л",1446,0
"Л",1447,0
"Л",1448,0
"Л",1449,0
"Л",1450,0
"Л",1451,0
"Л",1452,0
"Л",1453,0
"Л",1454,0
"Л",1455,0
"Л",1456,0
"Л",1457,0
"Л",1458,0
"Л",1459,0
"Л",1460,0
"Л",1461,0
"Л",1462,0
"Л",1463,0
"Л",1464,0
"Л",1465,0
"Л",1466,0
"Л",1467,0
"Л",1468,0
"Л",1469,0
"Л",1470,0
"Л",1471,0
"Л",1472,2
"Л",1473,0
"Л",1474,0
"Л",1475,0
"Л",1476,0
"Л",1477,0
"Л",1478,0
"Л",1479,0
"Л",1480,0
"Л",1481,0
"Л",1482,0
"Л",1483,0
"Л",1484,0
"Л",1485,0
"Л",1486,0
"Л",1487,0
"Л",1488,0
"Л",1489,0
"Л",1490,0
"Л",1491,0
"Л",1492,0
"Л",1493,0
"Л",1494,0
"Л",1495,0
"Л",1496,0
"Л",1497,0
"Л",1498,0
"Л",1499,0
"Л",1500,0
"М",1,0
"М",2,0
"М",3,0
"М",4,0
"М",5,0
"М",6,0
"М",7,0
"М",8,0
"М",9,0
"М",10,0
"М",11,0
"М",12,0
"М",13,0
"М",14,0
"М",15,0
"М",16,0
"М",17,0
"М",18,3
"М",19,4
"М",20,7
"М",21,3
"М",22,12
"М",23,0
"М",24,3
"М",25,16
"М",26,4
"М",27,5
"М",28,3
"М",29,15
"М",30,2
"М",31,0
"М",32,4
"М",33,2
"М",34,7
"М",35,0
"М",36,0
"М",37,0
"М",38,0
"М",39,0
"М",40,0
"М",41,0
"М",42,0
"М",43,4
"М",44,6
"М",45,0
"М",46,10
"М",47,20
"М",48,3
"М",49,30
"М",50,24
"М",51,19
"М",52,5
"М",53,42
"М",54,69
"М",55,10
"М",56,38
"М",57,8
"М",58,103
"М",59,16
"М",60,25
"М",61,57
"М",62,66
"М",63,26
"М",64,53
"М",65,43
"М",66,35
"М",67,52
"М",68,23
"М",69,57
"М",70,23
"М",71,31
"М",72,38
"М",73,46
"М",74,66
"М",75,16
"М",76,82
"М",77,25
"М",78,14
"М",79,25
"М",80,58
"М",81,40
"М",82,28
"М",83,53
"М",84,28
"М",85,24
"М",86,29
"М",87,48
"М",88,73
"М",89,37
"М",90,22
"М",91,60
"М",92,46
"М",93,69
"М",94,34
"М",95,33
"М",96,70
"М",97,48
"М",98,98
"М",99,55
"М",100,37
"М",101,60
"М",102,88
"М",103,49
"М",104,74
"М",105,46
"М",106,48
"М",107,102
"М",108,86
"М",109,141
"М",110,111
"М",111,42
"М",112,159
"М",113,92
"М",114,101
"М",115,101
"М",116,86
"М",117,89
"М",118,62
"М",119,125
"М",120,87
"М",121,78
"М",122,79
"М",123,137
"М",124,78
"М",125,109
"М",126,129
"М",127,74
"М",128,62
"М",129,91
"М",130,155
"М",131,50
"М",132,46
"М",133,52
"М",134,52
"М",135,67
"М",136,48
"М",137,80
"М",138,61
"М",139,102
"М",140,53
"М",141,75
"М",142,141
"М",143,106
"М",144,95
"М",145,85
"М",146,106
"М",147,87
"М",148,58
"М",149,113
"М",150,44
"М",151,60
"М",152,69
"М",153,155
"М",154,123
"М",155,71
"М",156,113
"М",157,114
"М",158,146
"М",159,88
"М",160,150
"М",161,94
"М",162,165
"М",163,45
"М",164,58
"М",165,154
"М",166,106
"М",167,148
"М",168,251
"М",169,83
"М",170,117
"М",171,94
"М",172,304
"М",173,146
"М",174,159
"М",175,171
"М",176,113
"М",177,334
"М",178,139
"М",179,247
"М",180,141
"М",181,73
"М",182,279
"М",183,387
"М",184,225
"М",185,154
"М",186,242
"М",187,208
"М",188,140
"М",189,335
"М",190,74
"М",191,50
"М",192,213
"М",193,161
"М",194,207
"М",195,154
"М",196,143
"М",197,78
"М",198,72
"М",199,125
"М",200,256
"М",201,88
"М",202,128
"М",203,91
"М",204,60
"М",205,88
"М",206,57
"М",207,100
"М",208,59
"М",209,55
"М",210,43
"М",211,85
"М",212,60
"М",213,40
"М",214,67
"М",215,35
"М",216,47
"М",217,44
"М",218,26
"М",219,54
"М",220,45
"М",221,38
"М",222,55
"М",223,30
"М",224,23
"М",225,31
"М",226,22
"М",227,29
"М",228,23
"М",229,27
"М",230,39
"М",231,31
"М",232,35
"М",233,27
"М",234,7
"М",235,21
"М",236,58
"М",237,6
"М",238,16
"М",239,30
"М",240,39
"М",241,19
"М",242,39
"М",243,20
"М",244,41
"М",245,13
"М",246,16
"М",247,27
"М",248,35
"М",249,41
"М",250,20
"М",251,13
"М",252,10
"М",253,11
"М",254,28
"М",255,34
"М",256,15
"М",257,8
"М",258,11
"М",259,25
"М",260,20
"М",261,32
"М",262,24
"М",263,5
"М",264,7
"М",265,22
"М",266,27
"М",267,8
"М",268,6
"М",269,7
"М",270,7
"М",271,16
"М",272,17
"М",273,25
"М",274,17
"М",275,12
"М",276,6
"М",277,3
"М",278,1
"М",279,7
"М",280,6
"М",281,25
"М",282,4
"М",283,24
"М",284,7
"М",285,12
"М",286,3
"М",287,7
"М",288,18
"М",289,4
"М",290,8
"М",291,2
"М",292,5
"М",293,7
"М",294,11
"М",295,3
"М",296,14
"М",297,11
"М",298,7
"М",299,0
"М",300,6
"М",301,4
"М",302,2
"М",303,7
"М",304,2
"М",305,6
"М",306,21
"М",307,8
"М",308,5
"М",309,7
"М",310,7
"М",311,1
"М",312,1
"М",313,8
"М",314,3
"М",315,12
"М",316,0
"М",317,4
"М",318,8
"М",319,4
"М",320,3
"М",321,6
"М",322,0
"М",323,9
"М",324,5
"М",325,1
"М",326,1
"М",327,3
"М",328,9
"М",329,6
"М",330,0
"М",331,1
"М",332,6
"М",333,1
"М",334,2
"М",335,8
"М",336,2
"М",337,0
"М",338,0
"М",339,0
"М",340,0
"М",341,0
"М",342,0
"М",343,1
"М",344,2
"М",345,0
"М",346,0
"М",347,3
"М",348,1
"М",349,3
"М",350,2
"М",351,1
"М",352,0
"М",353,0
"М",354,0
"М",355,3
"М",356,2
"М",357,2
"М",358,0
"М",359,1
"М",360,0
"М",361,0
"М",362,0
"М",363,0
"М",364,0
"М",365,0
"М",366,0
"М",367,0
"М",368,0
"М",369,0
"М",370,1
"М",371,0
"М",372,8
"М",373,0
"М",374,0
"М",375,0
"М",376,0
"М",377,0
"М",378,0
"М",379,0
"М",380,0
"М",381,0
"М",382,0
"М",383,0
"М",384,0
"М",385,0
"М",386,1
"М",387,0
"М",388,0
"М",389,0
"М",390,0
"М",391,0
"М",392,0
"М",393,0
"М",394,0
"М",395,0
"М",396,0
"М",397,0
"М",398,0
"М",399,0
"М",400,0
"М",401,0
"М",402,0
"М",403,0
"М",404,0
"М",405,0
"М",406,0
"М",407,0
"М",408,0
"М",409,0
"М",410,0
"М",411,0
"М",412,0
"М",413,0
"М",414,0
"М",415,0
"М",416,0
"М",417,0
"М",418,0
"М",419,0
"М",420,0
"М",421,0
"М",422,0
"М",423,0
"М",424,0
"М",425,0
"М",426,0
"М",427,0
"М",428,0
"М",429,0
"М",430,0
"М",431,0
"М",432,0
"М",433,0
"М",434,0
"М",435,0
"М",436,0
"М",437,0
"М",438,0
"М",439,0
"М",440,0
"М",441,0
"М",442,0
"М",443,0
"М",444,0
"М",445,0
"М",446,0
"М",447,0
"М",448,0
"М",449,0
"М",450,0
"М",451,0
"М",452,0
"М",453,0
"М",454,0
"М",455,0
"М",456,0
"М",457,0
"М",458,0
"М",459,0
"М",460,0
"М",461,0
"М",462,0
"М",463,0
"М",464,1
"М",465,1
"М",466,0
"М",467,0
"М",468,0
"М",469,0
"М",470,0
"М",471,0
"М",472,0
"М",473,0
"М",474,0
"М",475,0
"М",476,0
"М",477,0
"М",478,0
"М",479,0
"М",480,0
"М",481,0
"М",482,0
"М",483,0
"М",484,0
"М",485,0
"М",486,0
"М",487,0
"М",488,0
"М",489,0
"М",490,0
"М",491,0
"М",492,0
"М",493,0
"М",494,0
"М",495,0
"М",496,0
"М",497,0
"М",498,0
"М",499,0
"М",500,0
"М",501,0
"М",502,0
"М",503,0
"М",504,0
"М",505,1
"М",506,0
"М",507,0
"М",508,0
"М",509,0
"М",510,0
"М",511,0
"М",512,0
"М",513,0
"М",514,0
"М",515,0
"М",516,0
"М",517,0
"М",518,0
"М",519,0
"М",520,0
"М",521,0
"М",522,0
"М",523,0
"М",524,0
"М",525,0
"М",526,0
"М",527,0
"М",528,0
"М",529,0
"М",530,0
"М",531,0
"М",532,0
"М",533,0
"М",534,0
"М",535,0
"М",536,0
"М",537,0
"М",538,0
"М",539,0
"М",540,0
"М",541,0
"М",542,0
"М",543,0
"М",544,0
"М",545,0
"М",546,0
"М",547,0
"М",548,0
"М",549,0
"М",550,0
"М",551,0
"М",552,0
"М",553,0
"М",554,0
"М",555,0
"М",556,0
"М",557,0
"М",558,0
"М",559,0
"М",560,0
"М",561,0
"М",562,0
"М",563,0
"М",564,0
"М",565,0
"М",566,0
"М",567,0
"М",568,0
"М",569,0
"М",570,0
"М",571,1
"М",572,0
"М",573,0
"М",574,0
"М",575,0
"М",576,0
"М",577,0
"М",578,0
"М",579,0
"М",580,0
"М",581,0
"М",582,0
"М",583,0
"М",584,0
"М",585,0
"М",586,0
"М",587,0
"М",588,0
"М",589,0
"М",590,0
"М",591,0
"М",592,0
"М",593,0
"М",594,0
"М",595,0
"М",596,0
"М",597,0
"М",598,0
"М",599,0
"М",600,0
"М",601,0
"М",602,0
"М",603,0
"М",604,0
"М",605,0
"М",606,0
"М",607,0
"М",608,0
"М",609,0
"М",610,0
"М",611,0
"М",612,0
"М",613,0
"М",614,0
"М",615,0
"М",616,0
"М",617,0
"М",618,0
"М",619,0
"М",620,0
"М",621,0
"М",622,0
"М",623,0
"М",624,0
"М",625,0
"М",626,0
"М",627,0
"М",628,0
"М",629,0
"М",630,0
"М",631,0
"М",632,0
"М",633,0
"М",634,0
"М",635,0
"М",636,0
"М",637,0
"М",638,0
"М",639,0
"М",640,0
"М",641,0
"М",642,0
"М",643,0
"М",644,0
"М",645,0
"М",646,0
"М",647,0
"М",648,0
"М",649,0
"М",650,0
"М",651,0
"М",652,0
"М",653,0
"М",654,0
"М",655,0
"М",656,0
"М",657,0
"М",658,0
"М",659,0
"М",660,0
"М",661,0
"М",662,0
"М",663,0
"М",664,0
"М",665,0
"М",666,0
"М",667,0
"М",668,0
"М",669,0
"М",670,0
"М",671,0
"М",672,0
"М",673,0
"М",674,0
"М",675,0
"М",676,0
"М",677,0
"М",678,0
"М",679,0
"М",680,0
"М",681,0
"М",682,0
"М",683,0
"М",684,0
"М",685,0
"М",686,0
"М",687,0
"М",688,0
"М",689,0
"М",690,0
"М",691,0
"М",692,0
"М",693,0
"М",694,0
"М",695,0
"М",696,0
"М",697,0
"М",698,0
"М",699,0
"М",700,0
"М",701,0
"М",702,0
"М",703,0
"М",704,0
"М",705,0
"М",706,0
"М",707,0
"М",708,0
"М",709,0
"М",710,0
"М",711,0
"М",712,0
"М",713,0
"М",714,0
"М",715,0
"М",716,0
"М",717,0
"М",718,0
"М",719,0
"М",720,0
"М",721,0
"М",722,0
"М",723,0
"М",724,0
"М",725,0
"М",726,0
"М",727,0
"М",728,0
"М",729,0
"М",730,0
"М",731,0
"М",732,0
"М",733,0
"М",734,0
"М",735,0
"М",736,0
"М",737,0
"М",738,0
"М",739,0
"М",740,0
"М",741,0
"М",742,0
"М",743,0
"М",744,0
"М",745,0
"М",746,0
"М",747,0
"М",748,0
"М",749,0
"М",750,0
"М",751,0
"М",752,0
"М",753,0
"М",754,0
"М",755,0
"М",756,0
"М",757,0
"М",758,0
"М",759,0
"М",760,0
"М",761,0
"М",762,0
"М",763,0
"М",764,0
"М",765,0
"М",766,0
"М",767,0
"М",768,0
"М",769,0
"М",770,0
"М",771,0
"М",772,0
"М",773,0
"М",774,0
"М",775,0
"М",776,0
"М",777,0
"М",778,0
"М",779,0
"М",780,0
"М",781,0
"М",782,0
"М",783,0
"М",784,0
"М",785,0
"М",786,0
"М",787,0
"М",788,0
"М",789,0
"М",790,0
"М",791,0
"М",792,0
"М",793,0
"М",794,0
"М",795,0
"М",796,0
"М",797,0
"М",798,0
"М",799,0
"М",800,0
"М",801,0
"М",802,0
"М",803,0
"М",804,0
"М",805,0
"М",806,0
"М",807,0
"М",808,0
"М",809,0
"М",810,0
"М",811,0
"М",812,0
"М",813,0
"М",814,0
"М",815,0
"М",816,0
"М",817,0
"М",818,0
"М",819,0
"М",820,0
"М",821,0
"М",822,0
"М",823,0
"М",824,0
"М",825,0
"М",826,0
"М",827,0
"М",828,0
"М",829,0
"М",830,0
"М",831,0
"М",832,0
"М",833,0
"М",834,0
"М",835,0
"М",836,0
"М",837,0
"М",838,0
"М",839,0
"М",840,0
"М",841,0
"М",842,0
"М",843,0
"М",844,0
"М",845,0
"М",846,0
"М",847,0
"М",848,0
"М",849,0
"М",850,0
"М",851,0
"М",852,0
"М",853,0
"М",854,0
"М",855,0
"М",856,0
"М",857,0
"М",858,0
"М",859,0
"М",860,0
"М",861,0
"М",862,0
"М",863,0
"М",864,0
"М",865,0
"М",866,0
"М",867,0
"М",868,0
"М",869,0
"М",870,0
"М",871,0
"М",872,0
"М",873,0
"М",874,0
"М",875,0
"М",876,0
"М",877,0
"М",878,0
"М",879,0
"М",880,0
"М",881,0
"М",882,0
"М",883,0
"М",884,0
"М",885,0
"М",886,0
"М",887,0
"М",888,0
"М",889,0
"М",890,0
"М",891,0
"М",892,0
"М",893,0
"М",894,0
"М",895,0
"М",896,0
"М",897,0
"М",898,0
"М",899,0
"М",900,0
"М",901,0
"М",902,0
"М",903,0
"М",904,0
"М",905,0
"М",906,0
"М",907,0
"М",908,0
"М",909,0
"М",910,0
"М",911,0
"М",912,0
"М",913,0
"М",914,0
"М",915,0
"М",916,0
"М",917,0
"М",918,0
"М",919,0
"М",920,0
"М",921,0
"М",922,0
"М",923,0
"М",924,0
"М",925,0
"М",926,0
"М",927,0
"М",928,0
"М",929,0
"М",930,0
"М",931,0
"М",932,0
"М",933,0
"М",934,0
"М",935,0
"М",936,0
"М",937,0
"М",938,0
"М",939,0
"М",940,0
"М",941,0
"М",942,0
"М",943,0
"М",944,0
"М",945,0
"М",946,0
"М",947,0
"М",948,0
"М",949,0
"М",950,0
"М",951,0
"М",952,0
"М",953,0
"М",954,0
"М",955,0
"М",956,0
"М",957,0
"М",958,0
"М",959,0
"М",960,0
"М",961,0
"М",962,0
"М",963,0
"М",964,0
"М",965,0
"М",966,0
"М",967,0
"М",968,0
"М",969,0
"М",970,0
"М",971,0
"М",972,0
"М",973,0
"М",974,0
"М",975,0
"М",976,0
"М",977,0
"М",978,0
"М",979,0
"М",980,0
"М",981,0
"М",982,0
"М",983,0
"М",984,0
"М",985,0
"М",986,0
"М",987,0
"М",988,0
"М",989,0
"М",990,0
"М",991,0
"М",992,0
"М",993,0
"М",994,0
"М",995,0
"М",996,0
"М",997,0
"М",998,0
"М",999,0
"М",1000,0
"М",1001,0
"М",1002,0
"М",1003,0
"М",1004,0
"М",1005,0
"М",1006,0
"М",1007,0
"М",1008,0
"М",1009,0
"М",1010,0
"М",1011,0
"М",1012,0
"М",1013,0
"М",1014,0
"М",1015,0
"М",1016,0
"М",1017,0
"М",1018,0
"М",1019,0
"М",1020,0
"М",1021,0
"М",1022,0
"М",1023,0
"М",1024,0
"М",1025,0
"М",1026,0
"М",1027,0
"М",1028,0
"М",1029,0
"М",1030,0
"М",1031,0
"М",1032,0
"М",1033,0
"М",1034,0
"М",1035,0
"М",1036,0
"М",1037,0
"М",1038,0
"М",1039,0
"М",1040,0
"М",1041,0
"М",1042,0
"М",1043,0
"М",1044,0
"М",1045,0
"М",1046,0
"М",1047,0
"М",1048,0
"М",1049,0
"М",1050,0
"М",1051,0
"М",1052,0
"М",1053,0
"М",1054,0
"М",1055,0
"М",1056,0
"М",1057,0
"М",1058,0
"М",1059,0
"М",1060,0
"М",1061,0
"М",1062,0
"М",1063,0
"М",1064,0
"М",1065,0
"М",1066,0
"М",1067,0
"М",1068,0
"М",1069,0
"М",1070,0
"М",1071,0
"М",1072,0
"М",1073,0
"М",1074,0
"М",1075,0
"М",1076,0
"М",1077,0
"М",1078,0
"М",1079,0
"М",1080,0
"М",1081,0
"М",1082,0
"М",1083,0
"М",1084,0
"М",1085,0
"М",1086,0
"М",1087,0
"М",1088,0
"М",1089,0
"М",1090,0
"М",1091,0
"М",1092,0
"М",1093,0
"М",1094,0
"М",1095,0
"М",1096,0
"М",1097,0
"М",1098,0
"М",1099,0
"М",1100,0
"М",1101,0
"М",1102,0
"М",1103,0
"М",1104,0
"М",1105,0
"М",1106,0
"М",1107,0
"М",1108,0
"М",1109,0
"М",1110,0
"М",1111,0
"М",1112,0
"М",1113,0
"М",1114,0
"М",1115,0
"М",1116,0
"М",1117,0
"М",1118,0
"М",1119,0
"М",1120,0
"М",1121,0
"М",1122,0
"М",1123,0
"М",1124,0
"М",1125,0
"М",1126,0
"М",1127,0
"М",1128,0
"М",1129,0
"М",1130,0
"М",1131,0
"М",1132,0
"М",1133,0
"М",1134,0
"М",1135,0
"М",1136,0
"М",1137,0
"М",1138,0
"М",1139,0
"М",1140,0
"М",1141,0
"М",1142,0
"М",1143,0
"М",1144,0
"М",1145,0
"М",1146,0
"М",1147,0
"М",1148,0
"М",1149,0
"М",1150,0
"М",1151,0
"М",1152,0
"М",1153,0
"М",1154,0
"М",1155,0
"М",1156,0
"М",1157,0
"М",1158,0
"М",1159,0
"М",1160,0
"М",1161,0
"М",1162,0
"М",1163,0
"М",1164,0
"М",1165,0
"М",1166,0
"М",1167,0
"М",1168,0
"М",1169,0
"М",1170,0
"М",1171,0
"М",1172,0
"М",1173,0
"М",1174,0
"М",1175,0
"М",1176,0
"М",1177,0
"М",1178,0
"М",1179,0
"М",1180,0
"М",1181,0
"М",1182,0
"М",1183,0
"М",1184,0
"М",1185,0
"М",1186,0
"М",1187,0
"М",1188,0
"М",1189,0
"М",1190,0
"М",1191,0
"М",1192,0
"М",1193,0
"М",1194,0
"М",1195,0
"М",1196,0
"М",1197,0
"М",1198,0
"М",1199,0
"М",1200,0
"М",1201,0
"М",1202,0
"М",1203,0
"М",1204,0
"М",1205,0
"М",1206,0
"М",1207,0
"М",1208,0
"М",1209,0
"М",1210,0
"М",1211,0
"М",1212,0
"М",1213,0
"М",1214,0
"М",1215,0
"М",1216,0
"М",1217,0
"М",1218,0
"М",1219,0
"М",1220,0
"М",1221,0
"М",1222,0
"М",1223,0
"М",1224,0
"М",1225,0
"М",1226,0
"М",1227,0
"М",1228,0
"М",1229,0
"М",1230,0
"М",1231,0
"М",1232,0
"М",1233,0
"М",1234,0
"М",1235,0
"М",1236,0
"М",1237,0
"М",1238,0
"М",1239,0
"М",1240,0
"М",1241,0
"М",1242,0
"М",1243,0
"М",1244,0
"М",1245,0
"М",1246,0
"М",1247,0
"М",1248,0
"М",1249,0
"М",1250,0
"М",1251,0
"М",1252,0
"М",1253,0
"М",1254,0
"М",1255,0
"М",1256,0
"М",1257,0
"М",1258,0
"М",1259,0
"М",1260,0
"М",1261,0
"М",1262,0
"М",1263,0
"М",1264,0
"М",1265,0
"М",1266,0
"М",1267,0
"М",1268,0
"М",1269,0
"М",1270,0
"М",1271,0
"М",1272,0
"М",1273,0
"М",1274,0
"М",1275,0
"М",1276,0
"М",1277,0
"М",1278,0
"М",1279,0
"М",1280,0
"М",1281,0
"М",1282,0
"М",1283,0
"М",1284,0
"М",1285,0
"М",1286,0
"М",1287,0
"М",1288,0
"М",1289,0
"М",1290,0
"М",1291,0
"М",1292,0
"М",1293,0
"М",1294,0
"М",1295,0
"М",1296,0
"М",1297,0
"М",1298,0
"М",1299,0
"М",1300,0
"М",1301,0
"М",1302,0
"М",1303,0
"М",1304,0
"М",1305,0
"М",1306,0
"М",1307,0
"М",1308,0
"М",1309,0
"М",1310,0
"М",1311,0
"М",1312,0
"М",1313,0
"М",1314,0
"М",1315,0
"М",1316,0
"М",1317,0
"М",1318,0
"М",1319,0
"М",1320,0
"М",1321,0
"М",1322,0
"М",1323,0
"М",1324,0
"М",1325,0
"М",1326,0
"М",1327,0
"М",1328,0
"М",1329,0
"М",1330,0
"М",1331,0
"М",1332,0
"М",1333,0
"М",1334,0
"М",1335,0
"М",1336,0
"М",1337,0
"М",1338,0
"М",1339,0
"М",1340,0
"М",1341,0
"М",1342,0
"М",1343,0
"М",1344,0
"М",1345,0
"М",1346,0
"М",1347,0
"М",1348,0
"М",1349,0
"М",1350,0
"М",1351,0
"М",1352,0
"М",1353,0
"М",1354,0
"М",1355,0
"М",1356,0
"М",1357,0
"М",1358,0
"М",1359,0
"М",1360,0
"М",1361,0
"М",1362,0
"М",1363,0
"М",1364,0
"М",1365,0
"М",1366,0
"М",1367,0
"М",1368,0
"М",1369,0
"М",1370,0
"М",1371,0
"М",1372,0
"М",1373,0
"М",1374,0
"М",1375,0
"М",1376,0
"М",1377,0
"М",1378,0
"М",1379,0
"М",1380,0
"М",1381,0
"М",1382,0
"М",1383,0
"М",1384,0
"М",1385,0
"М",1386,0
"М",1387,0
"М",1388,0
"М",1389,0
"М",1390,0
"М",1391,0
"М",1392,0
"М",1393,0
"М",1394,0
"М",1395,0
"М",1396,0
"М",1397,0
"М",1398,0
"М",1399,0
"М",1400,0
"М",1401,0
"М",1402,0
"М",1403,0
"М",1404,0
"М",1405,0
"М",1406,0
"М",1407,0
"М",1408,0
"М",1409,0
"М",1410,0
"М",1411,0
"М",1412,0
"М",1413,0
"М",1414,0
"М",1415,0
"М",1416,0
"М",1417,0
"М",1418,0
"М",1419,0
"М",1420,0
"М",1421,0
"М",1422,0
"М",1423,0
"М",1424,0
"М",1425,0
"М",1426,0
"М",1427,0
"М",1428,0
"М",1429,0
"М",1430,0
"М",1431,0
"М",1432,0
"М",1433,0
"М",1434,0
"М",1435,0
"М",1436,0
"М",1437,0
"М",1438,0
"М",1439,0
"М",1440,0
"М",1441,0
"М",1442,0
"М",1443,0
"М",1444,0
"М",1445,0
"М",1446,0
"М",1447,0
"М",1448,0
"М",1449,0
"М",1450,0
"М",1451,0
"М",1452,0
"М",1453,0
"М",1454,0
"М",1455,0
"М",1456,0
"М",1457,0
"М",1458,0
"М",1459,0
"М",1460,0
"М",1461,0
"М",1462,0
"М",1463,0
"М",1464,0
"М",1465,0
"М",1466,0
"М",1467,0
"М",1468,0
"М",1469,0
"М",1470,0
"М",1471,0
"М",1472,0
"М",1473,0
"М",1474,0
"М",1475,0
"М",1476,0
"М",1477,0
"М",1478,0
"М",1479,0
"М",1480,0
"М",1481,0
"М",1482,0
"М",1483,0
"М",1484,0
"М",1485,0
"М",1486,0
"М",1487,0
"М",1488,0
"М",1489,0
"М",1490,0
"М",1491,0
"М",1492,0
"М",1493,0
"М",1494,0
"М",1495,0
"М",1496,0
"М",1497,0
"М",1498,0
"М",1499,0
"М",1500,0
"О",1,0
"О",2,1
"О",3,325
"О",4,6066
"О",5,16675
"О",6,26714
"О",7,31769
"О",8,27594
"О",9,36219
"О",10,45985
"О",11,52953
"О",12,58243
"О",13,56483
"О",14,63320
"О",15,53211
"О",16,43459
"О",17,30516
"О",18,28115
"О",19,23045
"О",20,23881
"О",21,12614
"О",22,15319
"О",23,8809
"О",24,9765
"О",25,7576
"О",26,7793
"О",27,4569
"О",28,3180
"О",29,3068
"О",30,2197
"О",31,959
"О",32,758
"О",33,1030
"О",34,283
"О",35,313
"О",36,117
"О",37,194
"О",38,148
"О",39,134
"О",40,158
"О",41,87
"О",42,153
"О",43,761
"О",44,345
"О",45,842
"О",46,323
"О",47,448
"О",48,145
"О",49,534
"О",50,390
"О",51,421
"О",52,212
"О",53,102
"О",54,325
"О",55,234
"О",56,101
"О",57,64
"О",58,176
"О",59,38
"О",60,151
"О",61,8
"О",62,41
"О",63,9
"О",64,16
"О",65,11
"О",66,60
"О",67,1
"О",68,4
"О",69,4
"О",70,4
"О",71,10
"О",72,0
"О",73,4
"О",74,6
"О",75,9
"О",76,4
"О",77,2
"О",78,1
"О",79,0
"О",80,1
"О",81,0
"О",82,0
"О",83,0
"О",84,0
"О",85,0
"О",86,0
"О",87,0
"О",88,0
"О",89,0
"О",90,0
"О",91,0
"О",92,3
"О",93,1
"О",94,0
"О",95,0
"О",96,0
"О",97,0
"О",98,0
"О",99,0
"О",100,0
"О",101,1
"О",102,0
"О",103,0
"О",104,0
"О",105,0
"О",106,0
"О",107,0
"О",108,0
"О",109,0
"О",110,0
"О",111,0
"О",112,0
"О",113,1
"О",114,0
"О",115,0
"О",116,0
"О",117,0
"О",118,0
"О",119,0
"О",120,3
"О",121,0
"О",122,0
"О",123,0
"О",124,0
"О",125,0
"О",126,0
"О",127,3
"О",128,0
"О",129,0
"О",130,0
"О",131,0
"О",132,0
"О",133,1
"О",134,0
"О",135,0
"О",136,0
"О",137,0
"О",138,0
"О",139,0
"О",140,0
"О",141,0
"О",142,0
"О",143,1
"О",144,0
"О",145,0
"О",146,0
"О",147,0
"О",148,0
"О",149,0
"О",150,0
"О",151,0
"О",152,0
"О",153,0
"О",154,0
"О",155,0
"О",156,0
"О",157,1
"О",158,0
"О",159,0
"О",160,0
"О",161,0
"О",162,2
"О",163,0
"О",164,0
"О",165,0
"О",166,0
"О",167,0
"О",168,0
"О",169,0
"О",170,0
"О",171,0
"О",172,0
"О",173,0
"О",174,0
"О",175,0
"О",176,0
"О",177,0
"О",178,0
"О",179,0
"О",180,0
"О",181,0
"О",182,0
"О",183,0
"О",184,0
"О",185,0
"О",186,0
"О",187,0
"О",188,0
"О",189,0
"О",190,0
"О",191,0
"О",192,0
"О",193,0
"О",194,0
"О",195,0
"О",196,0
"О",197,0
"О",198,0
"О",199,0
"О",200,0
"О",201,0
"О",202,0
"О",203,0
"О",204,0
"О",205,0
"О",206,0
"О",207,0
"О",208,0
"О",209,0
"О",210,0
"О",211,0
"О",212,0
"О",213,0
"О",214,0
"О",215,0
"О",216,0
"О",217,0
"О",218,0
"О",219,0
"О",220,0
"О",221,0
"О",222,0
"О",223,0
"О",224,0
"О",225,0
"О",226,0
"О",227,0
"О",228,0
"О",229,0
"О",230,0
"О",231,0
"О",232,0
"О",233,0
"О",234,0
"О",235,0
"О",236,0
"О",237,0
"О",238,0
"О",239,0
"О",240,0
"О",241,0
"О",242,0
"О",243,0
"О",244,0
"О",245,0
"О",246,0
"О",247,0
"О",248,0
"О",249,0
"О",250,0
"О",251,0
"О",252,0
"О",253,0
"О",254,0
"О",255,0
"О",256,0
"О",257,0
"О",258,0
"О",259,0
"О",260,0
"О",261,0
"О",262,0
"О",263,0
"О",264,0
"О",265,0
"О",266,0
"О",267,0
"О",268,0
"О",269,0
"О",270,0
"О",271,0
"О",272,0
"О",273,0
"О",274,0
"О",275,0
"О",276,0
"О",277,0
"О",278,0
"О",279,0
"О",280,0
"О",281,0
"О",282,0
"О",283,0
"О",284,0
"О",285,0
"О",286,0
"О",287,0
"О",288,0
"О",289,0
"О",290,0
"О",291,0
"О",292,0
"О",293,0
"О",294,0
"О",295,0
"О",296,0
"О",297,0
"О",298,0
"О",299,0
"О",300,0
"О",301,0
"О",302,0
"О",303,0
"О",304,0
"О",305,0
"О",306,0
"О",307,0
"О",308,0
"О",309,0
"О",310,0
"О",311,0
"О",312,0
"О",313,0
"О",314,0
"О",315,0
"О",316,0
"О",317,0
"О",318,0
"О",319,0
"О",320,0
"О",321,0
"О",322,0
"О",323,0
"О",324,0
"О",325,0
"О",326,0
"О",327,0
"О",328,0
"О",329,0
"О",330,0
"О",331,0
"О",332,0
"О",333,0
"О",334,0
"О",335,0
"О",336,0
"О",337,0
"О",338,0
"О",339,0
"О",340,0
"О",341,0
"О",342,0
"О",343,0
"О",344,0
"О",345,0
"О",346,0
"О",347,0
"О",348,0
"О",349,0
"О",350,0
"О",351,0
"О",352,0
"О",353,0
"О",354,0
"О",355,0
"О",356,0
"О",357,0
"О",358,0
"О",359,0
"О",360,0
"О",361,0
"О",362,0
"О",363,0
"О",364,0
"О",365,0
"О",366,0
"О",367,0
"О",368,0
"О",369,0
"О",370,0
"О",371,0
"О",372,0
"О",373,0
"О",374,0
"О",375,0
"О",376,0
"О",377,0
"О",378,0
"О",379,0
"О",380,0
"О",381,0
"О",382,0
"О",383,0
"О",384,0
"О",385,0
"О",386,0
"О",387,0
"О",388,0
"О",389,0
"О",390,0
"О",391,0
"О",392,0
"О",393,0
"О",394,0
"О",395,0
"О",396,0
"О",397,0
"О",398,0
"О",399,0
"О",400,0
"О",401,0
"О",402,0
"О",403,0
"О",404,0
"О",405,0
"О",406,0
"О",407,0
"О",408,0
"О",409,0
"О",410,0
"О",411,0
"О",412,0
"О",413,0
"О",414,0
"О",415,0
"О",416,0
"О",417,0
"О",418,0
"О",419,0
"О",420,0
"О",421,0
"О",422,0
"О",423,0
"О",424,0
"О",425,0
"О",426,0
"О",427,0
"О",428,0
"О",429,0
"О",430,0
"О",431,0
"О",432,0
"О",433,0
"О",434,0
"О",435,0
"О",436,0
"О",437,0
"О",438,0
"О",439,0
"О",440,0
"О",441,0
"О",442,0
"О",443,0
"О",444,0
"О",445,0
"О",446,0
"О",447,0
"О",448,0
"О",449,0
"О",450,0
"О",451,0
"О",452,0
"О",453,0
"О",454,0
"О",455,0
"О",456,0
"О",457,0
"О",458,0
"О",459,0
"О",460,0
"О",461,0
"О",462,0
"О",463,0
"О",464,0
"О",465,0
"О",466,0
"О",467,0
"О",468,0
"О",469,0
"О",470,0
"О",471,0
"О",472,0
"О",473,0
"О",474,0
"О",475,0
"О",476,0
"О",477,0
"О",478,0
"О",479,0
"О",480,0
"О",481,0
"О",482,0
"О",483,0
"О",484,0
"О",485,0
"О",486,0
"О",487,0
"О",488,0
"О",489,0
"О",490,0
"О",491,0
"О",492,0
"О",493,0
"О",494,0
"О",495,0
"О",496,0
"О",497,0
"О",498,0
"О",499,0
"О",500,0
"О",501,0
"О",502,0
"О",503,0
"О",504,0
"О",505,0
"О",506,0
"О",507,0
"О",508,0
"О",509,0
"О",510,0
"О",511,0
"О",512,0
"О",513,0
"О",514,0
"О",515,0
"О",516,0
"О",517,0
"О",518,0
"О",519,0
"О",520,0
"О",521,0
"О",522,0
"О",523,0
"О",524,0
"О",525,0
"О",526,0
"О",527,0
"О",528,0
"О",529,0
"О",530,0
"О",531,0
"О",532,0
"О",533,0
"О",534,0
"О",535,0
"О",536,0
"О",537,0
"О",538,0
"О",539,0
"О",540,0
"О",541,0
"О",542,0
"О",543,0
"О",544,0
"О",545,0
"О",546,0
"О",547,0
"О",548,0
"О",549,0
"О",550,0
"О",551,0
"О",552,0
"О",553,0
"О",554,0
"О",555,0
"О",556,0
"О",557,0
"О",558,0
"О",559,0
"О",560,0
"О",561,0
"О",562,0
"О",563,0
"О",564,0
"О",565,0
"О",566,0
"О",567,0
"О",568,0
"О",569,0
"О",570,0
"О",571,0
"О",572,0
"О",573,0
"О",574,0
"О",575,0
"О",576,0
"О",577,0
"О",578,0
"О",579,0
"О",580,0
"О",581,0
"О",582,0
"О",583,0
"О",584,0
"О",585,0
"О",586,0
"О",587,0
"О",588,0
"О",589,0
"О",590,0
"О",591,0
"О",592,0
"О",593,0
"О",594,0
"О",595,0
"О",596,0
"О",597,0
"О",598,0
"О",599,0
"О",600,0
"О",601,0
"О",602,0
"О",603,0
"О",604,0
"О",605,0
"О",606,0
"О",607,0
"О",608,0
"О",609,0
"О",610,0
"О",611,0
"О",612,0
"О",613,0
"О",614,0
"О",615,0
"О",616,0
"О",617,0
"О",618,0
"О",619,0
"О",620,0
"О",621,0
"О",622,0
"О",623,0
"О",624,0
"О",625,0
"О",626,0
"О",627,0
"О",628,0
"О",629,0
"О",630,0
"О",631,0
"О",632,0
"О",633,0
"О",634,0
"О",635,0
"О",636,0
"О",637,0
"О",638,0
"О",639,0
"О",640,0
"О",641,0
"О",642,0
"О",643,0
"О",644,0
"О",645,0
"О",646,0
"О",647,0
"О",648,0
"О",649,0
"О",650,0
"О",651,0
"О",652,0
"О",653,0
"О",654,0
"О",655,0
"О",656,0
"О",657,0
"О",658,0
"О",659,0
"О",660,0
"О",661,0
"О",662,0
"О",663,0
"О",664,0
"О",665,0
"О",666,0
"О",667,0
"О",668,0
"О",669,0
"О",670,0
"О",671,0
"О",672,0
"О",673,0
"О",674,0
"О",675,0
"О",676,0
"О",677,0
"О",678,0
"О",679,0
"О",680,0
"О",681,0
"О",682,0
"О",683,0
"О",684,0
"О",685,0
"О",686,0
"О",687,0
"О",688,0
"О",689,0
"О",690,0
"О",691,0
"О",692,0
"О",693,0
"О",694,0
"О",695,0
"О",696,0
"О",697,0
"О",698,0
"О",699,0
"О",700,0
"О",701,0
"О",702,0
"О",703,0
"О",704,0
"О",705,0
"О",706,0
"О",707,0
"О",708,0
"О",709,0
"О",710,0
"О",711,0
"О",712,0
"О",713,0
"О",714,0
"О",715,0
"О",716,0
"О",717,0
"О",718,0
"О",719,0
"О",720,0
"О",721,0
"О",722,0
"О",723,0
"О",724,0
"О",725,0
"О",726,0
"О",727,0
"О",728,0
"О",729,0
"О",730,0
"О",731,0
"О",732,0
"О",733,0
"О",734,0
"О",735,0
"О",736,0
"О",737,0
"О",738,0
"О",739,0
"О",740,0
"О",741,0
"О",742,0
"О",743,0
"О",744,0
"О",745,0
"О",746,0
"О",747,0
"О",748,0
"О",749,0
"О",750,0
"О",751,0
"О",752,0
"О",753,0
"О",754,0
"О",755,0
"О",756,0
"О",757,0
"О",758,0
"О",759,0
"О",760,0
"О",761,0
"О",762,0
"О",763,0
"О",764,0
"О",765,0
"О",766,0
"О",767,0
"О",768,0
"О",769,0
"О",770,0
"О",771,0
"О",772,0
"О",773,0
"О",774,0
"О",775,0
"О",776,0
"О",777,0
"О",778,0
"О",779,0
"О",780,0
"О",781,0
"О",782,0
"О",783,0
"О",784,0
"О",785,0
"О",786,0
"О",787,0
"О",788,0
"О",789,0
"О",790,0
"О",791,0
"О",792,0
"О",793,0
"О",794,0
"О",795,0
"О",796,0
"О",797,0
"О",798,0
"О",799,0
"О",800,0
"О",801,0
"О",802,0
"О",803,0
"О",804,0
"О",805,0
"О",806,0
"О",807,0
"О",808,0
"О",809,0
"О",810,0
"О",811,0
"О",812,0
"О",813,0
"О",814,0
"О",815,0
"О",816,0
"О",817,0
"О",818,0
"О",819,0
"О",820,0
"О",821,0
"О",822,0
"О",823,0
"О",824,0
"О",825,0
"О",826,0
"О",827,0
"О",828,0
"О",829,0
"О",830,0
"О",831,0
"О",832,0
"О",833,0
"О",834,0
"О",835,0
"О",836,0
"О",837,0
"О",838,0
"О",839,0
"О",840,0
"О",841,0
"О",842,0
"О",843,0
"О",844,0
"О",845,0
"О",846,0
"О",847,0
"О",848,0
"О",849,0
"О",850,0
"О",851,0
"О",852,0
"О",853,0
"О",854,0
"О",855,0
"О",856,0
"О",857,0
"О",858,0
"О",859,0
"О",860,0
"О",861,0
"О",862,0
"О",863,0
"О",864,0
"О",865,0
"О",866,0
"О",867,0
"О",868,0
"О",869,0
"О",870,0
"О",871,0
"О",872,0
"О",873,0
"О",874,0
"О",875,0
"О",876,0
"О",877,0
"О",878,0
"О",879,0
"О",880,0
"О",881,0
"О",882,0
"О",883,0
"О",884,0
"О",885,0
"О",886,0
"О",887,0
"О",888,0
"О",889,0
"О",890,0
"О",891,0
"О",892,0
"О",893,0
"О",894,0
"О",895,0
"О",896,0
"О",897,0
"О",898,0
"О",899,0
"О",900,0
"О",901,0
"О",902,0
"О",903,0
"О",904,0
"О",905,0
"О",906,0
"О",907,0
"О",908,0
"О",909,0
"О",910,0
"О",911,0
"О",912,0
"О",913,0
"О",914,0
"О",915,0
"О",916,0
"О",917,0
"О",918,0
"О",919,0
"О",920,0
"О",921,0
"О",922,0
"О",923,0
"О",924,0
"О",925,0
"О",926,0
"О",927,0
"О",928,0
"О",929,0
"О",930,0
"О",931,0
"О",932,0
"О",933,0
"О",934,0
"О",935,0
"О",936,0
"О",937,0
"О",938,0
"О",939,0
"О",940,0
"О",941,0
"О",942,0
"О",943,0
"О",944,0
"О",945,0
"О",946,0
"О",947,0
"О",948,0
"О",949,0
"О",950,0
"О",951,0
"О",952,0
"О",953,0
"О",954,0
"О",955,0
"О",956,0
"О",957,0
"О",958,0
"О",959,0
"О",960,0
"О",961,0
"О",962,0
"О",963,0
"О",964,0
"О",965,0
"О",966,0
"О",967,0
"О",968,0
"О",969,0
"О",970,0
"О",971,0
"О",972,0
"О",973,0
"О",974,0
"О",975,0
"О",976,0
"О",977,0
"О",978,0
"О",979,0
"О",980,0
"О",981,0
"О",982,0
"О",983,0
"О",984,0
"О",985,0
"О",986,0
"О",987,0
"О",988,0
"О",989,0
"О",990,0
"О",991,0
"О",992,0
"О",993,0
"О",994,0
"О",995,0
"О",996,0
"О",997,0
"О",998,0
"О",999,0
"О",1000,0
"О",1001,0
"О",1002,0
"О",1003,0
"О",1004,0
"О",1005,0
"О",1006,0
"О",1007,0
"О",1008,0
"О",1009,0
"О",1010,0
"О",1011,0
"О",1012,0
"О",1013,0
"О",1014,0
"О",1015,0
"О",1016,0
"О",1017,0
"О",1018,0
"О",1019,0
"О",1020,0
"О",1021,0
"О",1022,0
"О",1023,0
"О",1024,0
"О",1025,0
"О",1026,0
"О",1027,0
"О",1028,0
"О",1029,0
"О",1030,0
"О",1031,0
"О",1032,0
"О",1033,0
"О",1034,0
"О",1035,0
"О",1036,0
"О",1037,0
"О",1038,0
"О",1039,0
"О",1040,0
"О",1041,0
"О",1042,0
"О",1043,0
"О",1044,0
"О",1045,0
"О",1046,0
"О",1047,0
"О",1048,0
"О",1049,0
"О",1050,0
"О",1051,0
"О",1052,0
"О",1053,0
"О",1054,0
"О",1055,0
"О",1056,0
"О",1057,0
"О",1058,0
"О",1059,0
"О",1060,0
"О",1061,0
"О",1062,0
"О",1063,0
"О",1064,0
"О",1065,0
"О",1066,0
"О",1067,0
"О",1068,0
"О",1069,0
"О",1070,0
"О",1071,0
"О",1072,0
"О",1073,0
"О",1074,0
"О",1075,0
"О",1076,0
"О",1077,0
"О",1078,0
"О",1079,0
"О",1080,0
"О",1081,0
"О",1082,0
"О",1083,0
"О",1084,0
"О",1085,0
"О",1086,0
"О",1087,0
"О",1088,0
"О",1089,0
"О",1090,0
"О",1091,0
"О",1092,0
"О",1093,0
"О",1094,0
"О",1095,0
"О",1096,0
"О",1097,0
"О",1098,0
"О",1099,0
"О",1100,0
"О",1101,0
"О",1102,0
"О",1103,0
"О",1104,0
"О",1105,0
"О",1106,0
"О",1107,0
"О",1108,0
"О",1109,0
"О",1110,0
"О",1111,0
"О",1112,0
"О",1113,0
"О",1114,0
"О",1115,0
"О",1116,0
"О",1117,0
"О",1118,0
"О",1119,0
"О",1120,0
"О",1121,0
"О",1122,0
"О",1123,0
"О",1124,0
"О",1125,0
"О",1126,0
"О",1127,0
"О",1128,0
"О",1129,0
"О",1130,0
"О",1131,0
"О",1132,0
"О",1133,0
"О",1134,0
"О",1135,0
"О",1136,0
"О",1137,0
"О",1138,0
"О",1139,0
"О",1140,0
"О",1141,0
"О",1142,0
"О",1143,0
"О",1144,0
"О",1145,0
"О",1146,0
"О",1147,0
"О",1148,0
"О",1149,0
"О",1150,0
"О",1151,0
"О",1152,0
"О",1153,0
"О",1154,0
"О",1155,0
"О",1156,0
"О",1157,0
"О",1158,0
"О",1159,0
"О",1160,0
"О",1161,0
"О",1162,0
"О",1163,0
"О",1164,0
"О",1165,0
"О",1166,0
"О",1167,0
"О",1168,0
"О",1169,0
"О",1170,0
"О",1171,0
"О",1172,0
"О",1173,0
"О",1174,0
"О",1175,0
"О",1176,0
"О",1177,0
"О",1178,0
"О",1179,0
"О",1180,0
"О",1181,0
"О",1182,0
"О",1183,0
"О",1184,0
"О",1185,0
"О",1186,0
"О",1187,0
"О",1188,0
"О",1189,0
"О",1190,0
"О",1191,0
"О",1192,0
"О",1193,0
"О",1194,0
"О",1195,0
"О",1196,0
"О",1197,0
"О",1198,0
"О",1199,0
"О",1200,0
"О",1201,0
"О",1202,0
"О",1203,0
"О",1204,0
"О",1205,0
"О",1206,0
"О",1207,0
"О",1208,0
"О",1209,0
"О",1210,0
"О",1211,0
"О",1212,0
"О",1213,0
"О",1214,0
"О",1215,0
"О",1216,0
"О",1217,0
"О",1218,0
"О",1219,0
"О",1220,0
"О",1221,0
"О",1222,0
"О",1223,0
"О",1224,0
"О",1225,0
"О",1226,0
"О",1227,0
"О",1228,0
"О",1229,0
"О",1230,0
"О",1231,0
"О",1232,0
"О",1233,0
"О",1234,0
"О",1235,0
"О",1236,0
"О",1237,0
"О",1238,0
"О",1239,0
"О",1240,0
"О",1241,0
"О",1242,0
"О",1243,0
"О",1244,0
"О",1245,0
"О",1246,0
"О",1247,0
"О",1248,0
"О",1249,0
"О",1250,0
"О",1251,0
"О",1252,0
"О",1253,0
"О",1254,0
"О",1255,0
"О",1256,0
"О",1257,0
"О",1258,0
"О",1259,0
"О",1260,0
"О",1261,0
"О",1262,0
"О",1263,0
"О",1264,0
"О",1265,0
"О",1266,0
"О",1267,0
"О",1268,0
"О",1269,0
"О",1270,0
"О",1271,0
"О",1272,0
"О",1273,0
"О",1274,0
"О",1275,0
"О",1276,0
"О",1277,0
"О",1278,0
"О",1279,0
"О",1280,0
"О",1281,0
"О",1282,0
"О",1283,0
"О",1284,0
"О",1285,0
"О",1286,0
"О",1287,0
"О",1288,0
"О",1289,0
"О",1290,0
"О",1291,0
"О",1292,0
"О",1293,0
"О",1294,0
"О",1295,0
"О",1296,0
"О",1297,0
"О",1298,0
"О",1299,0
"О",1300,0
"О",1301,0
"О",1302,0
"О",1303,0
"О",1304,0
"О",1305,0
"О",1306,0
"О",1307,0
"О",1308,0
"О",1309,0
"О",1310,0
"О",1311,0
"О",1312,0
"О",1313,0
"О",1314,0
"О",1315,0
"О",1316,0
"О",1317,0
"О",1318,0
"О",1319,0
"О",1320,0
"О",1321,0
"О",1322,0
"О",1323,0
"О",1324,0
"О",1325,0
"О",1326,0
"О",1327,0
"О",1328,0
"О",1329,0
"О",1330,0
"О",1331,0
"О",1332,0
"О",1333,0
"О",1334,0
"О",1335,0
"О",1336,0
"О",1337,0
"О",1338,0
"О",1339,0
"О",1340,0
"О",1341,0
"О",1342,0
"О",1343,0
"О",1344,0
"О",1345,0
"О",1346,0
"О",1347,0
"О",1348,0
"О",1349,0
"О",1350,0
"О",1351,0
"О",1352,0
"О",1353,0
"О",1354,0
"О",1355,0
"О",1356,0
"О",1357,0
"О",1358,0
"О",1359,0
"О",1360,0
"О",1361,0
"О",1362,0
"О",1363,0
"О",1364,0
"О",1365,0
"О",1366,0
"О",1367,0
"О",1368,0
"О",1369,0
"О",1370,0
"О",1371,0
"О",1372,0
"О",1373,0
"О",1374,0
"О",1375,0
"О",1376,0
"О",1377,0
"О",1378,0
"О",1379,0
"О",1380,0
"О",1381,0
"О",1382,0
"О",1383,0
"О",1384,0
"О",1385,0
"О",1386,0
"О",1387,0
"О",1388,0
"О",1389,0
"О",1390,0
"О",1391,0
"О",1392,0
"О",1393,0
"О",1394,0
"О",1395,0
"О",1396,0
"О",1397,0
"О",1398,0
"О",1399,0
"О",1400,0
"О",1401,0
"О",1402,0
"О",1403,0
"О",1404,0
"О",1405,0
"О",1406,0
"О",1407,0
"О",1408,0
"О",1409,0
"О",1410,0
"О",1411,0
"О",1412,0
"О",1413,0
"О",1414,0
"О",1415,0
"О",1416,0
"О",1417,0
"О",1418,0
"О",1419,0
"О",1420,0
"О",1421,0
"О",1422,0
"О",1423,0
"О",1424,0
"О",1425,0
"О",1426,0
"О",1427,0
"О",1428,0
"О",1429,0
"О",1430,0
"О",1431,0
"О",1432,0
"О",1433,0
"О",1434,0
"О",1435,0
"О",1436,0
"О",1437,0
"О",1438,0
"О",1439,0
"О",1440,0
"О",1441,0
"О",1442,0
"О",1443,0
"О",1444,0
"О",1445,0
"О",1446,0
"О",1447,0
"О",1448,0
"О",1449,0
"О",1450,0
"О",1451,0
"О",1452,0
"О",1453,0
"О",1454,0
"О",1455,0
"О",1456,0
"О",1457,0
"О",1458,0
"О",1459,0
"О",1460,0
"О",1461,0
"О",1462,0
"О",1463,0
"О",1464,0
"О",1465,0
"О",1466,0
"О",1467,0
"О",1468,0
"О",1469,0
"О",1470,0
"О",1471,0
"О",1472,0
"О",1473,0
"О",1474,0
"О",1475,0
"О",1476,0
"О",1477,0
"О",1478,0
"О",1479,0
"О",1480,0
"О",1481,0
"О",1482,0
"О",1483,0
"О",1484,0
"О",1485,0
"О",1486,0
"О",1487,0
"О",1488,0
"О",1489,0
"О",1490,0
"О",1491,0
"О",1492,0
"О",1493,0
"О",1494,0
"О",1495,0
"О",1496,0
"О",1497,0
"О",1498,0
"О",1499,0
"О",1500,0
"П",1,43
"П",2,772
"П",3,2788
"П",4,4619
"П",5,4346
"П",6,2713
"П",7,4670
"П",8,11774
"П",9,28057
"П",10,50936
"П",11,74195
"П",12,107816
"П",13,136019
"П",14,147806
"П",15,140167
"П",16,119967
"П",17,130915
"П",18,120170
"П",19,122555
"П",20,142480
"П",21,126588
"П",22,148605
"П",23,162743
"П",24,171611
"П",25,216283
"П",26,205849
"П",27,207565
"П",28,199280
"П",29,227945
"П",30,129424
"П",31,73406
"П",32,75846
"П",33,106418
"П",34,92063
"П",35,26834
"П",36,23617
"П",37,24225
"П",38,31075
"П",39,24055
"П",40,32682
"П",41,37162
"П",42,43726
"П",43,184741
"П",44,130361
"П",45,141063
"П",46,153554
"П",47,111779
"П",48,174537
"П",49,105674
"П",50,168829
"П",51,141437
"П",52,244261
"П",53,108617
"П",54,155099
"П",55,131588
"П",56,196658
"П",57,80968
"П",58,110253
"П",59,112376
"П",60,146910
"П",61,76603
"П",62,77844
"П",63,71330
"П",64,98149
"П",65,70754
"П",66,62901
"П",67,66771
"П",68,82622
"П",69,105007
"П",70,96137
"П",71,97826
"П",72,91349
"П",73,92024
"П",74,111063
"П",75,107579
"П",76,120896
"П",77,130918
"П",78,148375
"П",79,114667
"П",80,130243
"П",81,149864
"П",82,144109
"П",83,128970
"П",84,136966
"П",85,150436
"П",86,149728
"П",87,141683
"П",88,147715
"П",89,177187
"П",90,142421
"П",91,154165
"П",92,148465
"П",93,161167
"П",94,157204
"П",95,170572
"П",96,156403
"П",97,184982
"П",98,153121
"П",99,176265
"П",100,162901
"П",101,170700
"П",102,152994
"П",103,189566
"П",104,160907
"П",105,175279
"П",106,151020
"П",107,187225
"П",108,171182
"П",109,167848
"П",110,162884
"П",111,178612
"П",112,144978
"П",113,181062
"П",114,172848
"П",115,148506
"П",116,169638
"П",117,155407
"П",118,175035
"П",119,140172
"П",120,137320
"П",121,152018
"П",122,152636
"П",123,165481
"П",124,157035
"П",125,138364
"П",126,143080
"П",127,122662
"П",128,130306
"П",129,138265
"П",130,139106
"П",131,142463
"П",132,137179
"П",133,139959
"П",134,112101
"П",135,110899
"П",136,123928
"П",137,115516
"П",138,98904
"П",139,123256
"П",140,117952
"П",141,125089
"П",142,92249
"П",143,92810
"П",144,88598
"П",145,96109
"П",146,93774
"П",147,99935
"П",148,77197
"П",149,79959
"П",150,81440
"П",151,68942
"П",152,64904
"П",153,62740
"П",154,76586
"П",155,67848
"П",156,55304
"П",157,60474
"П",158,67807
"П",159,44530
"П",160,48037
"П",161,39677
"П",162,49016
"П",163,49580
"П",164,52306
"П",165,44227
"П",166,29235
"П",167,33947
"П",168,33985
"П",169,29581
"П",170,30694
"П",171,34723
"П",172,30847
"П",173,24176
"П",174,22989
"П",175,21247
"П",176,21622
"П",177,26093
"П",178,19742
"П",179,19842
"П",180,23891
"П",181,15247
"П",182,16093
"П",183,15100
"П",184,13052
"П",185,16950
"П",186,14042
"П",187,14785
"П",188,11021
"П",189,11044
"П",190,10786
"П",191,11802
"П",192,15471
"П",193,15935
"П",194,9427
"П",195,9441
"П",196,5987
"П",197,5498
"П",198,5736
"П",199,5607
"П",200,9421
"П",201,12452
"П",202,6821
"П",203,4544
"П",204,9768
"П",205,5238
"П",206,4016
"П",207,2579
"П",208,4145
"П",209,7412
"П",210,5319
"П",211,4335
"П",212,4668
"П",213,2873
"П",214,7025
"П",215,2285
"П",216,4784
"П",217,2467
"П",218,3841
"П",219,5999
"П",220,2435
"П",221,6163
"П",222,2125
"П",223,2619
"П",224,3117
"П",225,2091
"П",226,2565
"П",227,3289
"П",228,2782
"П",229,1663
"П",230,2061
"П",231,1741
"П",232,1935
"П",233,4886
"П",234,5133
"П",235,1308
"П",236,1493
"П",237,4003
"П",238,1502
"П",239,1612
"П",240,1651
"П",241,3876
"П",242,782
"П",243,2080
"П",244,1238
"П",245,1176
"П",246,1144
"П",247,971
"П",248,913
"П",249,674
"П",250,898
"П",251,832
"П",252,1037
"П",253,4725
"П",254,809
"П",255,444
"П",256,341
"П",257,652
"П",258,464
"П",259,495
"П",260,1633
"П",261,1784
"П",262,268
"П",263,426
"П",264,246
"П",265,430
"П",266,588
"П",267,356
"П",268,594
"П",269,725
"П",270,445
"П",271,631
"П",272,347
"П",273,652
"П",274,756
"П",275,197
"П",276,608
"П",277,384
"П",278,249
"П",279,393
"П",280,438
"П",281,281
"П",282,251
"П",283,113
"П",284,202
"П",285,225
"П",286,163
"П",287,182
"П",288,194
"П",289,241
"П",290,95
"П",291,205
"П",292,332
"П",293,134
"П",294,83
"П",295,96
"П",296,74
"П",297,97
"П",298,55
"П",299,125
"П",300,194
"П",301,130
"П",302,71
"П",303,171
"П",304,81
"П",305,164
"П",306,102
"П",307,232
"П",308,236
"П",309,113
"П",310,180
"П",311,170
"П",312,184
"П",313,94
"П",314,104
"П",315,152
"П",316,104
"П",317,90
"П",318,35
"П",319,44
"П",320,36
"П",321,48
"П",322,40
"П",323,48
"П",324,24
"П",325,38
"П",326,56
"П",327,61
"П",328,49
"П",329,15
"П",330,31
"П",331,35
"П",332,28
"П",333,42
"П",334,31
"П",335,90
"П",336,67
"П",337,45
"П",338,34
"П",339,34
"П",340,87
"П",341,50
"П",342,50
"П",343,54
"П",344,28
"П",345,58
"П",346,31
"П",347,38
"П",348,18
"П",349,40
"П",350,40
"П",351,42
"П",352,22
"П",353,19
"П",354,14
"П",355,21
"П",356,23
"П",357,25
"П",358,28
"П",359,15
"П",360,27
"П",361,30
"П",362,20
"П",363,50
"П",364,26
"П",365,42
"П",366,57
"П",367,24
"П",368,23
"П",369,32
"П",370,51
"П",371,18
"П",372,10
"П",373,22
"П",374,19
"П",375,2
"П",376,14
"П",377,17
"П",378,17
"П",379,4
"П",380,19
"П",381,8
"П",382,19
"П",383,15
"П",384,9
"П",385,22
"П",386,18
"П",387,12
"П",388,11
"П",389,13
"П",390,16
"П",391,9
"П",392,19
"П",393,7
"П",394,10
"П",395,23
"П",396,24
"П",397,34
"П",398,72
"П",399,31
"П",400,141
"П",401,78
"П",402,36
"П",403,39
"П",404,21
"П",405,56
"П",406,47
"П",407,137
"П",408,111
"П",409,11
"П",410,11
"П",411,9
"П",412,63
"П",413,28
"П",414,14
"П",415,15
"П",416,9
"П",417,6
"П",418,31
"П",419,13
"П",420,19
"П",421,66
"П",422,53
"П",423,57
"П",424,14
"П",425,16
"П",426,11
"П",427,14
"П",428,16
"П",429,6
"П",430,5
"П",431,9
"П",432,5
"П",433,27
"П",434,3
"П",435,15
"П",436,13
"П",437,4
"П",438,7
"П",439,8
"П",440,9
"П",441,26
"П",442,2
"П",443,26
"П",444,4
"П",445,4
"П",446,11
"П",447,11
"П",448,1
"П",449,4
"П",450,0
"П",451,3
"П",452,4
"П",453,10
"П",454,7
"П",455,10
"П",456,38
"П",457,13
"П",458,29
"П",459,44
"П",460,52
"П",461,27
"П",462,63
"П",463,87
"П",464,24
"П",465,51
"П",466,51
"П",467,21
"П",468,45
"П",469,11
"П",470,20
"П",471,60
"П",472,22
"П",473,39
"П",474,12
"П",475,26
"П",476,66
"П",477,14
"П",478,34
"П",479,26
"П",480,12
"П",481,9
"П",482,10
"П",483,4
"П",484,0
"П",485,3
"П",486,7
"П",487,11
"П",488,8
"П",489,8
"П",490,4
"П",491,11
"П",492,12
"П",493,6
"П",494,4
"П",495,4
"П",496,13
"П",497,17
"П",498,13
"П",499,15
"П",500,11
"П",501,25
"П",502,15
"П",503,7
"П",504,12
"П",505,18
"П",506,4
"П",507,11
"П",508,5
"П",509,10
"П",510,26
"П",511,7
"П",512,4
"П",513,2
"П",514,2
"П",515,8
"П",516,3
"П",517,19
"П",518,1
"П",519,13
"П",520,0
"П",521,4
"П",522,0
"П",523,6
"П",524,11
"П",525,14
"П",526,8
"П",527,19
"П",528,7
"П",529,2
"П",530,21
"П",531,25
"П",532,6
"П",533,0
"П",534,22
"П",535,36
"П",536,5
"П",537,7
"П",538,42
"П",539,4
"П",540,14
"П",541,42
"П",542,6
"П",543,5
"П",544,6
"П",545,25
"П",546,0
"П",547,33
"П",548,3
"П",549,1
"П",550,2
"П",551,38
"П",552,1
"П",553,16
"П",554,17
"П",555,0
"П",556,0
"П",557,0
"П",558,5
"П",559,0
"П",560,10
"П",561,0
"П",562,1
"П",563,5
"П",564,1
"П",565,3
"П",566,1
"П",567,1
"П",568,5
"П",569,0
"П",570,3
"П",571,7
"П",572,0
"П",573,0
"П",574,3
"П",575,13
"П",576,4
"П",577,2
"П",578,0
"П",579,15
"П",580,1
"П",581,4
"П",582,0
"П",583,13
"П",584,2
"П",585,0
"П",586,13
"П",587,2
"П",588,6
"П",589,0
"П",590,6
"П",591,9
"П",592,7
"П",593,8
"П",594,5
"П",595,3
"П",596,5
"П",597,3
"П",598,0
"П",599,10
"П",600,4
"П",601,0
"П",602,0
"П",603,0
"П",604,2
"П",605,2
"П",606,1
"П",607,0
"П",608,0
"П",609,0
"П",610,0
"П",611,1
"П",612,2
"П",613,1
"П",614,0
"П",615,0
"П",616,0
"П",617,0
"П",618,0
"П",619,0
"П",620,0
"П",621,1
"П",622,0
"П",623,0
"П",624,0
"П",625,0
"П",626,0
"П",627,0
"П",628,0
"П",629,0
"П",630,0
"П",631,0
"П",632,0
"П",633,0
"П",634,1
"П",635,0
"П",636,0
"П",637,0
"П",638,0
"П",639,0
"П",640,1
"П",641,2
"П",642,1
"П",643,0
"П",644,0
"П",645,0
"П",646,0
"П",647,0
"П",648,0
"П",649,0
"П",650,0
"П",651,0
"П",652,0
"П",653,0
"П",654,0
"П",655,0
"П",656,0
"П",657,1
"П",658,0
"П",659,0
"П",660,0
"П",661,0
"П",662,1
"П",663,0
"П",664,0
"П",665,0
"П",666,0
"П",667,0
"П",668,0
"П",669,0
"П",670,0
"П",671,0
"П",672,0
"П",673,0
"П",674,0
"П",675,0
"П",676,0
"П",677,0
"П",678,0
"П",679,0
"П",680,0
"П",681,0
"П",682,0
"П",683,0
"П",684,0
"П",685,0
"П",686,0
"П",687,0
"П",688,0
"П",689,0
"П",690,0
"П",691,0
"П",692,0
"П",693,0
"П",694,0
"П",695,0
"П",696,0
"П",697,0
"П",698,0
"П",699,0
"П",700,0
"П",701,0
"П",702,0
"П",703,0
"П",704,0
"П",705,0
"П",706,0
"П",707,0
"П",708,0
"П",709,0
"П",710,0
"П",711,0
"П",712,1
"П",713,0
"П",714,0
"П",715,0
"П",716,0
"П",717,0
"П",718,0
"П",719,0
"П",720,0
"П",721,0
"П",722,1
"П",723,1
"П",724,0
"П",725,0
"П",726,0
"П",727,0
"П",728,0
"П",729,0
"П",730,0
"П",731,0
"П",732,0
"П",733,0
"П",734,0
"П",735,0
"П",736,0
"П",737,0
"П",738,0
"П",739,0
"П",740,0
"П",741,0
"П",742,0
"П",743,0
"П",744,0
"П",745,0
"П",746,0
"П",747,0
"П",748,1
"П",749,0
"П",750,0
"П",751,0
"П",752,0
"П",753,0
"П",754,0
"П",755,0
"П",756,0
"П",757,1
"П",758,0
"П",759,0
"П",760,1
"П",761,0
"П",762,0
"П",763,0
"П",764,0
"П",765,1
"П",766,0
"П",767,0
"П",768,0
"П",769,0
"П",770,0
"П",771,0
"П",772,0
"П",773,0
"П",774,0
"П",775,0
"П",776,0
"П",777,0
"П",778,0
"П",779,0
"П",780,0
"П",781,0
"П",782,0
"П",783,0
"П",784,0
"П",785,0
"П",786,0
"П",787,0
"П",788,0
"П",789,0
"П",790,0
"П",791,0
"П",792,0
"П",793,0
"П",794,0
"П",795,1
"П",796,0
"П",797,0
"П",798,0
"П",799,0
"П",800,0
"П",801,0
"П",802,0
"П",803,0
"П",804,0
"П",805,0
"П",806,0
"П",807,0
"П",808,0
"П",809,0
"П",810,0
"П",811,0
"П",812,0
"П",813,0
"П",814,0
"П",815,0
"П",816,0
"П",817,0
"П",818,0
"П",819,0
"П",820,0
"П",821,0
"П",822,0
"П",823,0
"П",824,0
"П",825,0
"П",826,0
"П",827,0
"П",828,0
"П",829,0
"П",830,0
"П",831,0
"П",832,0
"П",833,0
"П",834,0
"П",835,0
"П",836,0
"П",837,0
"П",838,0
"П",839,0
"П",840,0
"П",841,0
"П",842,0
"П",843,0
"П",844,0
"П",845,0
"П",846,0
"П",847,0
"П",848,0
"П",849,0
"П",850,0
"П",851,0
"П",852,0
"П",853,0
"П",854,0
"П",855,0
"П",856,0
"П",857,0
"П",858,0
"П",859,0
"П",860,0
"П",861,0
"П",862,0
"П",863,0
"П",864,0
"П",865,0
"П",866,0
"П",867,0
"П",868,0
"П",869,0
"П",870,0
"П",871,0
"П",872,0
"П",873,0
"П",874,0
"П",875,0
"П",876,0
"П",877,0
"П",878,0
"П",879,0
"П",880,0
"П",881,0
"П",882,0
"П",883,0
"П",884,0
"П",885,0
"П",886,0
"П",887,0
"П",888,0
"П",889,0
"П",890,0
"П",891,0
"П",892,0
"П",893,0
"П",894,0
"П",895,0
"П",896,0
"П",897,0
"П",898,0
"П",899,0
"П",900,1
"П",901,0
"П",902,0
"П",903,0
"П",904,0
"П",905,0
"П",906,0
"П",907,0
"П",908,0
"П",909,0
"П",910,0
"П",911,0
"П",912,0
"П",913,0
"П",914,0
"П",915,0
"П",916,0
"П",917,0
"П",918,0
"П",919,0
"П",920,0
"П",921,0
"П",922,0
"П",923,0
"П",924,0
"П",925,0
"П",926,0
"П",927,0
"П",928,0
"П",929,0
"П",930,0
"П",931,0
"П",932,0
"П",933,0
"П",934,0
"П",935,0
"П",936,0
"П",937,0
"П",938,0
"П",939,0
"П",940,0
"П",941,0
"П",942,0
"П",943,0
"П",944,0
"П",945,0
"П",946,0
"П",947,0
"П",948,0
"П",949,0
"П",950,0
"П",951,0
"П",952,0
"П",953,0
"П",954,0
"П",955,0
"П",956,0
"П",957,1
"П",958,0
"П",959,0
"П",960,0
"П",961,0
"П",962,0
"П",963,0
"П",964,0
"П",965,0
"П",966,0
"П",967,0
"П",968,0
"П",969,0
"П",970,0
"П",971,0
"П",972,0
"П",973,0
"П",974,0
"П",975,0
"П",976,0
"П",977,0
"П",978,0
"П",979,0
"П",980,0
"П",981,0
"П",982,0
"П",983,0
"П",984,0
"П",985,0
"П",986,0
"П",987,0
"П",988,0
"П",989,0
"П",990,0
"П",991,0
"П",992,0
"П",993,0
"П",994,0
"П",995,0
"П",996,0
"П",997,0
"П",998,0
"П",999,0
"П",1000,0
"П",1001,0
"П",1002,0
"П",1003,0
"П",1004,0
"П",1005,0
"П",1006,0
"П",1007,0
"П",1008,0
"П",1009,0
"П",1010,0
"П",1011,0
"П",1012,0
"П",1013,0
"П",1014,0
"П",1015,0
"П",1016,0
"П",1017,0
"П",1018,0
"П",1019,0
"П",1020,0
"П",1021,0
"П",1022,0
"П",1023,0
"П",1024,0
"П",1025,0
"П",1026,0
"П",1027,0
"П",1028,0
"П",1029,0
"П",1030,0
"П",1031,0
"П",1032,0
"П",1033,0
"П",1034,0
"П",1035,0
"П",1036,0
"П",1037,0
"П",1038,0
"П",1039,0
"П",1040,0
"П",1041,0
"П",1042,0
"П",1043,0
"П",1044,1
"П",1045,0
"П",1046,0
"П",1047,0
"П",1048,0
"П",1049,0
"П",1050,0
"П",1051,0
"П",1052,0
"П",1053,0
"П",1054,0
"П",1055,0
"П",1056,0
"П",1057,0
"П",1058,0
"П",1059,0
"П",1060,0
"П",1061,0
"П",1062,0
"П",1063,0
"П",1064,0
"П",1065,0
"П",1066,0
"П",1067,0
"П",1068,0
"П",1069,0
"П",1070,0
"П",1071,0
"П",1072,0
"П",1073,0
"П",1074,0
"П",1075,0
"П",1076,0
"П",1077,0
"П",1078,0
"П",1079,0
"П",1080,0
"П",1081,0
"П",1082,0
"П",1083,0
"П",1084,0
"П",1085,0
"П",1086,0
"П",1087,0
"П",1088,0
"П",1089,0
"П",1090,0
"П",1091,0
"П",1092,0
"П",1093,0
"П",1094,0
"П",1095,0
"П",1096,0
"П",1097,0
"П",1098,0
"П",1099,0
"П",1100,0
"П",1101,0
"П",1102,0
"П",1103,0
"П",1104,0
"П",1105,0
"П",1106,0
"П",1107,0
"П",1108,0
"П",1109,0
"П",1110,0
"П",1111,0
"П",1112,0
"П",1113,0
"П",1114,0
"П",1115,0
"П",1116,0
"П",1117,0
"П",1118,0
"П",1119,0
"П",1120,0
"П",1121,0
"П",1122,0
"П",1123,0
"П",1124,0
"П",1125,0
"П",1126,0
"П",1127,0
"П",1128,0
"П",1129,0
"П",1130,0
"П",1131,0
"П",1132,0
"П",1133,0
"П",1134,0
"П",1135,0
"П",1136,1
"П",1137,0
"П",1138,0
"П",1139,0
"П",1140,0
"П",1141,0
"П",1142,0
"П",1143,0
"П",1144,0
"П",1145,0
"П",1146,0
"П",1147,0
"П",1148,0
"П",1149,0
"П",1150,0
"П",1151,0
"П",1152,0
"П",1153,0
"П",1154,0
"П",1155,0
"П",1156,0
"П",1157,0
"П",1158,0
"П",1159,0
"П",1160,0
"П",1161,0
"П",1162,0
"П",1163,0
"П",1164,0
"П",1165,1
"П",1166,0
"П",1167,0
"П",1168,0
"П",1169,0
"П",1170,0
"П",1171,0
"П",1172,0
"П",1173,0
"П",1174,0
"П",1175,0
"П",1176,0
"П",1177,0
"П",1178,0
"П",1179,0
"П",1180,1
"П",1181,0
"П",1182,0
"П",1183,0
"П",1184,0
"П",1185,0
"П",1186,0
"П",1187,1
"П",1188,0
"П",1189,0
"П",1190,0
"П",1191,0
"П",1192,0
"П",1193,0
"П",1194,0
"П",1195,0
"П",1196,0
"П",1197,0
"П",1198,0
"П",1199,0
"П",1200,0
"П",1201,0
"П",1202,0
"П",1203,0
"П",1204,0
"П",1205,0
"П",1206,0
"П",1207,0
"П",1208,0
"П",1209,0
"П",1210,0
"П",1211,0
"П",1212,0
"П",1213,0
"П",1214,0
"П",1215,0
"П",1216,0
"П",1217,0
"П",1218,0
"П",1219,0
"П",1220,0
"П",1221,0
"П",1222,0
"П",1223,0
"П",1224,0
"П",1225,0
"П",1226,0
"П",1227,0
"П",1228,0
"П",1229,0
"П",1230,0
"П",1231,0
"П",1232,0
"П",1233,0
"П",1234,0
"П",1235,0
"П",1236,0
"П",1237,0
"П",1238,0
"П",1239,0
"П",1240,0
"П",1241,0
"П",1242,0
"П",1243,0
"П",1244,0
"П",1245,0
"П",1246,0
"П",1247,0
"П",1248,0
"П",1249,0
"П",1250,0
"П",1251,0
"П",1252,0
"П",1253,0
"П",1254,0
"П",1255,0
"П",1256,0
"П",1257,0
"П",1258,0
"П",1259,0
"П",1260,0
"П",1261,0
"П",1262,0
"П",1263,0
"П",1264,0
"П",1265,0
"П",1266,0
"П",1267,0
"П",1268,0
"П",1269,0
"П",1270,0
"П",1271,0
"П",1272,0
"П",1273,0
"П",1274,0
"П",1275,0
"П",1276,0
"П",1277,0
"П",1278,0
"П",1279,0
"П",1280,0
"П",1281,0
"П",1282,0
"П",1283,0
"П",1284,0
"П",1285,0
"П",1286,0
"П",1287,0
"П",1288,0
"П",1289,0
"П",1290,0
"П",1291,1
"П",1292,0
"П",1293,0
"П",1294,0
"П",1295,0
"П",1296,0
"П",1297,0
"П",1298,0
"П",1299,0
"П",1300,0
"П",1301,0
"П",1302,0
"П",1303,0
"П",1304,0
"П",1305,0
"П",1306,0
"П",1307,0
"П",1308,0
"П",1309,0
"П",1310,0
"П",1311,0
"П",1312,0
"П",1313,0
"П",1314,0
"П",1315,0
"П",1316,0
"П",1317,0
"П",1318,0
"П",1319,0
"П",1320,0
"П",1321,0
"П",1322,0
"П",1323,0
"П",1324,0
"П",1325,0
"П",1326,0
"П",1327,0
"П",1328,0
"П",1329,0
"П",1330,0
"П",1331,0
"П",1332,0
"П",1333,0
"П",1334,0
"П",1335,0
"П",1336,0
"П",1337,0
"П",1338,0
"П",1339,0
"П",1340,0
"П",1341,0
"П",1342,0
"П",1343,0
"П",1344,0
"П",1345,0
"П",1346,0
"П",1347,0
"П",1348,0
"П",1349,0
"П",1350,0
"П",1351,0
"П",1352,0
"П",1353,0
"П",1354,0
"П",1355,0
"П",1356,0
"П",1357,0
"П",1358,0
"П",1359,0
"П",1360,0
"П",1361,0
"П",1362,0
"П",1363,0
"П",1364,0
"П",1365,0
"П",1366,0
"П",1367,0
"П",1368,0
"П",1369,0
"П",1370,0
"П",1371,0
"П",1372,0
"П",1373,0
"П",1374,0
"П",1375,0
"П",1376,0
"П",1377,0
"П",1378,0
"П",1379,0
"П",1380,0
"П",1381,0
"П",1382,0
"П",1383,0
"П",1384,0
"П",1385,0
"П",1386,0
"П",1387,0
"П",1388,0
"П",1389,0
"П",1390,0
"П",1391,0
"П",1392,0
"П",1393,0
"П",1394,0
"П",1395,0
"П",1396,0
"П",1397,0
"П",1398,0
"П",1399,0
"П",1400,0
"П",1401,0
"П",1402,0
"П",1403,0
"П",1404,0
"П",1405,0
"П",1406,0
"П",1407,0
"П",1408,0
"П",1409,0
"П",1410,0
"П",1411,0
"П",1412,0
"П",1413,0
"П",1414,0
"П",1415,0
"П",1416,0
"П",1417,0
"П",1418,0
"П",1419,0
"П",1420,0
"П",1421,0
"П",1422,0
"П",1423,0
"П",1424,0
"П",1425,0
"П",1426,0
"П",1427,0
"П",1428,0
"П",1429,0
"П",1430,0
"П",1431,0
"П",1432,0
"П",1433,0
"П",1434,0
"П",1435,0
"П",1436,0
"П",1437,0
"П",1438,0
"П",1439,0
"П",1440,0
"П",1441,0
"П",1442,0
"П",1443,0
"П",1444,0
"П",1445,0
"П",1446,0
"П",1447,0
"П",1448,0
"П",1449,0
"П",1450,0
"П",1451,0
"П",1452,0
"П",1453,0
"П",1454,0
"П",1455,0
"П",1456,0
"П",1457,0
"П",1458,0
"П",1459,0
"П",1460,0
"П",1461,0
"П",1462,0
"П",1463,0
"П",1464,0
"П",1465,0
"П",1466,0
"П",1467,0
"П",1468,0
"П",1469,0
"П",1470,0
"П",1471,0
"П",1472,0
"П",1473,0
"П",1474,0
"П",1475,0
"П",1476,0
"П",1477,0
"П",1478,0
"П",1479,0
"П",1480,0
"П",1481,0
"П",1482,0
"П",1483,0
"П",1484,0
"П",1485,0
"П",1486,0
"П",1487,0
"П",1488,0
"П",1489,0
"П",1490,0
"П",1491,0
"П",1492,0
"П",1493,0
"П",1494,0
"П",1495,0
"П",1496,0
"П",1497,0
"П",1498,1
"П",1499,0
"П",1500,0
"С",1,17
"С",2,92
"С",3,400
"С",4,2165
"С",5,9686
"С",6,39058
"С",7,90941
"С",8,127203
"С",9,134551
"С",10,144289
"С",11,153134
"С",12,58313
"С",13,56414
"С",14,60536
"С",15,59525
"С",16,69904
"С",17,149199
"С",18,167375
"С",19,180527
"С",20,164278
"С",21,234648
"С",22,244325
"С",23,253288
"С",24,273127
"С",25,245355
"С",26,317307
"С",27,262624
"С",28,295656
"С",29,234223
"С",30,195612
"С",31,228059
"С",32,137567
"С",33,115103
"С",34,137587
"С",35,92986
"С",36,63198
"С",37,98532
"С",38,62692
"С",39,70671
"С",40,84379
"С",41,60846
"С",42,60916
"С",43,114969
"С",44,88469
"С",45,103024
"С",46,81761
"С",47,94369
"С",48,73289
"С",49,97601
"С",50,85398
"С",51,108037
"С",52,76813
"С",53,95861
"С",54,81780
"С",55,90649
"С",56,83323
"С",57,86386
"С",58,74804
"С",59,89557
"С",60,66606
"С",61,83229
"С",62,74324
"С",63,83676
"С",64,81584
"С",65,57355
"С",66,73237
"С",67,79797
"С",68,64424
"С",69,80510
"С",70,60685
"С",71,55443
"С",72,73324
"С",73,78250
"С",74,56254
"С",75,48755
"С",76,56358
"С",77,44304
"С",78,58725
"С",79,61806
"С",80,49772
"С",81,49858
"С",82,40272
"С",83,28178
"С",84,43655
"С",85,37034
"С",86,38567
"С",87,33641
"С",88,39227
"С",89,39986
"С",90,17644
"С",91,19475
"С",92,28737
"С",93,21030
"С",94,22457
"С",95,25269
"С",96,27482
"С",97,11927
"С",98,18202
"С",99,15649
"С",100,8210
"С",101,16413
"С",102,13734
"С",103,12109
"С",104,12140
"С",105,8311
"С",106,17844
"С",107,13860
"С",108,9124
"С",109,7592
"С",110,10161
"С",111,7830
"С",112,7457
"С",113,9475
"С",114,14272
"С",115,9604
"С",116,13479
"С",117,8925
"С",118,7018
"С",119,6088
"С",120,6350
"С",121,7792
"С",122,8776
"С",123,12679
"С",124,9897
"С",125,8684
"С",126,8661
"С",127,7299
"С",128,4758
"С",129,7335
"С",130,7169
"С",131,7115
"С",132,7395
"С",133,8055
"С",134,11012
"С",135,4505
"С",136,7776
"С",137,9642
"С",138,6400
"С",139,9542
"С",140,7207
"С",141,8056
"С",142,4392
"С",143,6155
"С",144,4440
"С",145,9581
"С",146,8303
"С",147,6325
"С",148,11650
"С",149,4618
"С",150,7335
"С",151,4051
"С",152,3682
"С",153,11691
"С",154,5800
"С",155,7409
"С",156,3148
"С",157,4586
"С",158,6667
"С",159,4139
"С",160,3689
"С",161,7155
"С",162,6301
"С",163,2631
"С",164,4263
"С",165,3277
"С",166,3087
"С",167,7091
"С",168,3389
"С",169,3975
"С",170,4649
"С",171,2374
"С",172,3240
"С",173,3620
"С",174,2367
"С",175,2515
"С",176,6483
"С",177,3151
"С",178,6109
"С",179,2324
"С",180,2263
"С",181,4451
"С",182,2631
"С",183,1668
"С",184,5456
"С",185,2286
"С",186,3946
"С",187,1545
"С",188,4284
"С",189,4224
"С",190,1850
"С",191,7312
"С",192,2139
"С",193,2277
"С",194,7005
"С",195,5071
"С",196,4577
"С",197,2625
"С",198,2767
"С",199,1227
"С",200,1810
"С",201,5464
"С",202,3384
"С",203,7392
"С",204,3132
"С",205,2384
"С",206,2621
"С",207,3177
"С",208,6967
"С",209,6382
"С",210,2887
"С",211,12964
"С",212,3595
"С",213,2336
"С",214,5530
"С",215,5769
"С",216,5941
"С",217,5906
"С",218,3245
"С",219,2295
"С",220,5541
"С",221,1667
"С",222,9242
"С",223,16581
"С",224,3531
"С",225,7909
"С",226,1432
"С",227,3858
"С",228,4634
"С",229,4371
"С",230,12286
"С",231,3872
"С",232,6484
"С",233,28599
"С",234,1478
"С",235,9434
"С",236,4028
"С",237,5165
"С",238,3248
"С",239,7339
"С",240,5735
"С",241,10937
"С",242,4086
"С",243,6922
"С",244,7755
"С",245,17404
"С",246,8232
"С",247,19966
"С",248,1187
"С",249,13828
"С",250,1998
"С",251,7233
"С",252,6022
"С",253,4574
"С",254,17595
"С",255,11784
"С",256,13185
"С",257,27324
"С",258,18485
"С",259,11460
"С",260,4369
"С",261,12393
"С",262,7541
"С",263,5880
"С",264,2820
"С",265,4814
"С",266,24585
"С",267,5693
"С",268,13067
"С",269,6425
"С",270,12826
"С",271,26137
"С",272,6219
"С",273,21375
"С",274,3705
"С",275,3881
"С",276,10274
"С",277,3984
"С",278,14907
"С",279,2276
"С",280,6281
"С",281,34804
"С",282,4515
"С",283,14930
"С",284,5849
"С",285,6479
"С",286,28868
"С",287,13912
"С",288,10730
"С",289,12896
"С",290,2193
"С",291,5283
"С",292,1798
"С",293,5622
"С",294,32653
"С",295,3217
"С",296,11005
"С",297,22617
"С",298,5197
"С",299,6053
"С",300,8856
"С",301,5739
"С",302,3590
"С",303,14537
"С",304,9966
"С",305,4026
"С",306,4015
"С",307,4429
"С",308,10276
"С",309,8146
"С",310,7808
"С",311,14254
"С",312,1926
"С",313,6680
"С",314,18688
"С",315,7270
"С",316,7826
"С",317,6678
"С",318,7355
"С",319,8060
"С",320,10205
"С",321,3129
"С",322,18352
"С",323,9162
"С",324,2779
"С",325,7622
"С",326,2875
"С",327,1953
"С",328,10776
"С",329,3288
"С",330,4704
"С",331,8475
"С",332,4501
"С",333,12118
"С",334,903
"С",335,2511
"С",336,4866
"С",337,1353
"С",338,2212
"С",339,7731
"С",340,3903
"С",341,8896
"С",342,4565
"С",343,3771
"С",344,1491
"С",345,1145
"С",346,4662
"С",347,3213
"С",348,4361
"С",349,9699
"С",350,3216
"С",351,1312
"С",352,11314
"С",353,2206
"С",354,2899
"С",355,1071
"С",356,1310
"С",357,1021
"С",358,5375
"С",359,2780
"С",360,6907
"С",361,2767
"С",362,2672
"С",363,2140
"С",364,3525
"С",365,1249
"С",366,6004
"С",367,2984
"С",368,2314
"С",369,1938
"С",370,802
"С",371,1994
"С",372,3238
"С",373,1751
"С",374,1578
"С",375,4040
"С",376,3996
"С",377,2666
"С",378,858
"С",379,1501
"С",380,1628
"С",381,1600
"С",382,1840
"С",383,1431
"С",384,2665
"С",385,1422
"С",386,2305
"С",387,1853
"С",388,1392
"С",389,1781
"С",390,1254
"С",391,454
"С",392,888
"С",393,3022
"С",394,5662
"С",395,1304
"С",396,1227
"С",397,1751
"С",398,883
"С",399,1901
"С",400,3313
"С",401,1308
"С",402,5460
"С",403,4018
"С",404,1989
"С",405,1040
"С",406,654
"С",407,987
"С",408,2111
"С",409,2931
"С",410,1195
"С",411,2920
"С",412,2064
"С",413,693
"С",414,2001
"С",415,1066
"С",416,1117
"С",417,2798
"С",418,2562
"С",419,1270
"С",420,863
"С",421,1004
"С",422,1249
"С",423,2774
"С",424,1083
"С",425,1186
"С",426,1225
"С",427,1681
"С",428,1779
"С",429,1484
"С",430,1056
"С",431,3377
"С",432,2265
"С",433,1322
"С",434,847
"С",435,1827
"С",436,796
"С",437,973
"С",438,1685
"С",439,1906
"С",440,1376
"С",441,953
"С",442,2469
"С",443,2764
"С",444,2148
"С",445,664
"С",446,814
"С",447,482
"С",448,1051
"С",449,1211
"С",450,1890
"С",451,574
"С",452,1895
"С",453,1630
"С",454,1999
"С",455,1266
"С",456,1029
"С",457,813
"С",458,3009
"С",459,809
"С",460,2255
"С",461,502
"С",462,1112
"С",463,741
"С",464,990
"С",465,1177
"С",466,1492
"С",467,1629
"С",468,997
"С",469,823
"С",470,3218
"С",471,663
"С",472,1184
"С",473,510
"С",474,816
"С",475,1021
"С",476,2328
"С",477,630
"С",478,2440
"С",479,817
"С",480,480
"С",481,915
"С",482,1037
"С",483,1526
"С",484,1069
"С",485,579
"С",486,1933
"С",487,961
"С",488,864
"С",489,347
"С",490,819
"С",491,1027
"С",492,709
"С",493,1407
"С",494,769
"С",495,372
"С",496,1054
"С",497,1010
"С",498,985
"С",499,2746
"С",500,1066
"С",501,779
"С",502,578
"С",503,626
"С",504,517
"С",505,226
"С",506,497
"С",507,1215
"С",508,522
"С",509,874
"С",510,677
"С",511,1046
"С",512,993
"С",513,573
"С",514,807
"С",515,589
"С",516,1598
"С",517,748
"С",518,452
"С",519,518
"С",520,837
"С",521,510
"С",522,276
"С",523,902
"С",524,1734
"С",525,303
"С",526,592
"С",527,707
"С",528,198
"С",529,806
"С",530,866
"С",531,789
"С",532,364
"С",533,253
"С",534,213
"С",535,568
"С",536,377
"С",537,613
"С",538,384
"С",539,1187
"С",540,300
"С",541,350
"С",542,718
"С",543,229
"С",544,366
"С",545,217
"С",546,687
"С",547,343
"С",548,498
"С",549,1735
"С",550,441
"С",551,229
"С",552,171
"С",553,117
"С",554,299
"С",555,85
"С",556,147
"С",557,808
"С",558,414
"С",559,169
"С",560,338
"С",561,263
"С",562,922
"С",563,170
"С",564,115
"С",565,286
"С",566,728
"С",567,219
"С",568,866
"С",569,285
"С",570,257
"С",571,203
"С",572,275
"С",573,92
"С",574,223
"С",575,173
"С",576,107
"С",577,25
"С",578,82
"С",579,174
"С",580,68
"С",581,450
"С",582,233
"С",583,124
"С",584,84
"С",585,248
"С",586,254
"С",587,152
"С",588,236
"С",589,514
"С",590,83
"С",591,88
"С",592,121
"С",593,399
"С",594,43
"С",595,117
"С",596,318
"С",597,22
"С",598,109
"С",599,24
"С",600,100
"С",601,426
"С",602,121
"С",603,136
"С",604,58
"С",605,86
"С",606,55
"С",607,14
"С",608,101
"С",609,389
"С",610,68
"С",611,20
"С",612,38
"С",613,42
"С",614,95
"С",615,34
"С",616,143
"С",617,54
"С",618,122
"С",619,31
"С",620,27
"С",621,106
"С",622,473
"С",623,27
"С",624,189
"С",625,25
"С",626,17
"С",627,13
"С",628,26
"С",629,9
"С",630,132
"С",631,65
"С",632,63
"С",633,34
"С",634,18
"С",635,34
"С",636,13
"С",637,18
"С",638,29
"С",639,80
"С",640,3
"С",641,25
"С",642,2
"С",643,46
"С",644,248
"С",645,20
"С",646,55
"С",647,132
"С",648,14
"С",649,1
"С",650,2
"С",651,5
"С",652,290
"С",653,21
"С",654,55
"С",655,42
"С",656,4
"С",657,9
"С",658,1
"С",659,27
"С",660,15
"С",661,113
"С",662,9
"С",663,12
"С",664,31
"С",665,4
"С",666,19
"С",667,25
"С",668,22
"С",669,208
"С",670,35
"С",671,3
"С",672,5
"С",673,9
"С",674,16
"С",675,0
"С",676,5
"С",677,7
"С",678,8
"С",679,5
"С",680,1
"С",681,13
"С",682,8
"С",683,3
"С",684,1
"С",685,3
"С",686,3
"С",687,2
"С",688,0
"С",689,0
"С",690,1
"С",691,0
"С",692,1
"С",693,15
"С",694,4
"С",695,23
"С",696,9
"С",697,7
"С",698,2
"С",699,1
"С",700,0
"С",701,16
"С",702,0
"С",703,3
"С",704,3
"С",705,6
"С",706,0
"С",707,0
"С",708,0
"С",709,1
"С",710,0
"С",711,0
"С",712,3
"С",713,0
"С",714,0
"С",715,1
"С",716,3
"С",717,13
"С",718,6
"С",719,28
"С",720,7
"С",721,0
"С",722,1
"С",723,0
"С",724,0
"С",725,5
"С",726,2
"С",727,3
"С",728,1
"С",729,3
"С",730,0
"С",731,1
"С",732,1
"С",733,16
"С",734,1
"С",735,5
"С",736,1
"С",737,0
"С",738,0
"С",739,0
"С",740,0
"С",741,0
"С",742,2
"С",743,0
"С",744,0
"С",745,0
"С",746,0
"С",747,0
"С",748,0
"С",749,0
"С",750,0
"С",751,0
"С",752,0
"С",753,0
"С",754,1
"С",755,0
"С",756,0
"С",757,1
"С",758,2
"С",759,0
"С",760,0
"С",761,0
"С",762,0
"С",763,0
"С",764,2
"С",765,0
"С",766,1
"С",767,1
"С",768,0
"С",769,0
"С",770,0
"С",771,0
"С",772,0
"С",773,0
"С",774,0
"С",775,0
"С",776,0
"С",777,0
"С",778,0
"С",779,0
"С",780,0
"С",781,1
"С",782,2
"С",783,0
"С",784,0
"С",785,0
"С",786,0
"С",787,0
"С",788,0
"С",789,1
"С",790,0
"С",791,0
"С",792,0
"С",793,0
"С",794,0
"С",795,0
"С",796,0
"С",797,1
"С",798,0
"С",799,0
"С",800,0
"С",801,0
"С",802,0
"С",803,1
"С",804,0
"С",805,0
"С",806,0
"С",807,0
"С",808,0
"С",809,0
"С",810,0
"С",811,0
"С",812,0
"С",813,0
"С",814,0
"С",815,0
"С",816,5
"С",817,0
"С",818,0
"С",819,1
"С",820,0
"С",821,0
"С",822,0
"С",823,0
"С",824,0
"С",825,0
"С",826,1
"С",827,0
"С",828,0
"С",829,2
"С",830,0
"С",831,0
"С",832,0
"С",833,0
"С",834,0
"С",835,0
"С",836,1
"С",837,0
"С",838,0
"С",839,0
"С",840,0
"С",841,0
"С",842,0
"С",843,0
"С",844,0
"С",845,0
"С",846,1
"С",847,0
"С",848,1
"С",849,0
"С",850,0
"С",851,0
"С",852,0
"С",853,0
"С",854,0
"С",855,1
"С",856,0
"С",857,0
"С",858,0
"С",859,0
"С",860,1
"С",861,0
"С",862,0
"С",863,1
"С",864,0
"С",865,0
"С",866,0
"С",867,0
"С",868,0
"С",869,0
"С",870,0
"С",871,0
"С",872,0
"С",873,0
"С",874,0
"С",875,0
"С",876,0
"С",877,0
"С",878,0
"С",879,1
"С",880,0
"С",881,0
"С",882,1
"С",883,0
"С",884,0
"С",885,1
"С",886,0
"С",887,0
"С",888,0
"С",889,0
"С",890,0
"С",891,0
"С",892,1
"С",893,0
"С",894,0
"С",895,0
"С",896,0
"С",897,0
"С",898,2
"С",899,0
"С",900,0
"С",901,0
"С",902,0
"С",903,0
"С",904,0
"С",905,0
"С",906,0
"С",907,0
"С",908,0
"С",909,0
"С",910,0
"С",911,0
"С",912,0
"С",913,0
"С",914,1
"С",915,0
"С",916,0
"С",917,0
"С",918,0
"С",919,0
"С",920,0
"С",921,0
"С",922,0
"С",923,0
"С",924,0
"С",925,0
"С",926,0
"С",927,0
"С",928,1
"С",929,0
"С",930,0
"С",931,0
"С",932,0
"С",933,0
"С",934,0
"С",935,0
"С",936,0
"С",937,0
"С",938,0
"С",939,0
"С",940,0
"С",941,1
"С",942,1
"С",943,0
"С",944,0
"С",945,0
"С",946,0
"С",947,0
"С",948,0
"С",949,2
"С",950,0
"С",951,0
"С",952,0
"С",953,0
"С",954,0
"С",955,0
"С",956,0
"С",957,0
"С",958,0
"С",959,0
"С",960,0
"С",961,0
"С",962,0
"С",963,2
"С",964,0
"С",965,0
"С",966,1
"С",967,0
"С",968,0
"С",969,0
"С",970,0
"С",971,0
"С",972,0
"С",973,0
"С",974,0
"С",975,0
"С",976,0
"С",977,0
"С",978,0
"С",979,0
"С",980,0
"С",981,0
"С",982,0
"С",983,0
"С",984,0
"С",985,1
"С",986,1
"С",987,0
"С",988,0
"С",989,0
"С",990,1
"С",991,0
"С",992,0
"С",993,0
"С",994,0
"С",995,0
"С",996,0
"С",997,0
"С",998,0
"С",999,0
"С",1000,0
"С",1001,0
"С",1002,0
"С",1003,0
"С",1004,0
"С",1005,0
"С",1006,0
"С",1007,1
"С",1008,0
"С",1009,0
"С",1010,0
"С",1011,0
"С",1012,0
"С",1013,0
"С",1014,0
"С",1015,0
"С",1016,0
"С",1017,0
"С",1018,0
"С",1019,0
"С",1020,0
"С",1021,0
"С",1022,0
"С",1023,0
"С",1024,0
"С",1025,0
"С",1026,0
"С",1027,0
"С",1028,0
"С",1029,2
"С",1030,0
"С",1031,1
"С",1032,0
"С",1033,0
"С",1034,0
"С",1035,0
"С",1036,0
"С",1037,0
"С",1038,0
"С",1039,0
"С",1040,0
"С",1041,0
"С",1042,0
"С",1043,0
"С",1044,0
"С",1045,0
"С",1046,0
"С",1047,0
"С",1048,0
"С",1049,0
"С",1050,0
"С",1051,0
"С",1052,0
"С",1053,0
"С",1054,0
"С",1055,0
"С",1056,0
"С",1057,2
"С",1058,0
"С",1059,0
"С",1060,0
"С",1061,0
"С",1062,0
"С",1063,0
"С",1064,0
"С",1065,0
"С",1066,0
"С",1067,0
"С",1068,0
"С",1069,0
"С",1070,0
"С",1071,0
"С",1072,0
"С",1073,0
"С",1074,0
"С",1075,0
"С",1076,0
"С",1077,0
"С",1078,0
"С",1079,0
"С",1080,0
"С",1081,0
"С",1082,0
"С",1083,0
"С",1084,0
"С",1085,0
"С",1086,0
"С",1087,0
"С",1088,0
"С",1089,0
"С",1090,0
"С",1091,0
"С",1092,0
"С",1093,0
"С",1094,0
"С",1095,0
"С",1096,0
"С",1097,0
"С",1098,0
"С",1099,0
"С",1100,0
"С",1101,0
"С",1102,0
"С",1103,0
"С",1104,0
"С",1105,0
"С",1106,0
"С",1107,0
"С",1108,0
"С",1109,0
"С",1110,0
"С",1111,0
"С",1112,0
"С",1113,0
"С",1114,0
"С",1115,0
"С",1116,0
"С",1117,0
"С",1118,0
"С",1119,0
"С",1120,0
"С",1121,0
"С",1122,0
"С",1123,0
"С",1124,0
"С",1125,0
"С",1126,0
"С",1127,0
"С",1128,0
"С",1129,0
"С",1130,0
"С",1131,0
"С",1132,0
"С",1133,0
"С",1134,0
"С",1135,0
"С",1136,0
"С",1137,0
"С",1138,0
"С",1139,0
"С",1140,0
"С",1141,0
"С",1142,0
"С",1143,0
"С",1144,1
"С",1145,0
"С",1146,0
"С",1147,0
"С",1148,0
"С",1149,0
"С",1150,0
"С",1151,1
"С",1152,0
"С",1153,0
"С",1154,0
"С",1155,0
"С",1156,0
"С",1157,0
"С",1158,0
"С",1159,0
"С",1160,0
"С",1161,0
"С",1162,0
"С",1163,0
"С",1164,0
"С",1165,0
"С",1166,0
"С",1167,0
"С",1168,0
"С",1169,0
"С",1170,0
"С",1171,0
"С",1172,0
"С",1173,0
"С",1174,0
"С",1175,0
"С",1176,0
"С",1177,0
"С",1178,0
"С",1179,0
"С",1180,0
"С",1181,0
"С",1182,0
"С",1183,0
"С",1184,0
"С",1185,0
"С",1186,0
"С",1187,0
"С",1188,0
"С",1189,0
"С",1190,0
"С",1191,0
"С",1192,0
"С",1193,0
"С",1194,0
"С",1195,0
"С",1196,0
"С",1197,0
"С",1198,0
"С",1199,0
"С",1200,0
"С",1201,0
"С",1202,0
"С",1203,0
"С",1204,0
"С",1205,0
"С",1206,0
"С",1207,0
"С",1208,0
"С",1209,0
"С",1210,0
"С",1211,0
"С",1212,0
"С",1213,0
"С",1214,0
"С",1215,0
"С",1216,0
"С",1217,0
"С",1218,0
"С",1219,0
"С",1220,0
"С",1221,0
"С",1222,0
"С",1223,0
"С",1224,0
"С",1225,0
"С",1226,0
"С",1227,0
"С",1228,0
"С",1229,0
"С",1230,0
"С",1231,0
"С",1232,0
"С",1233,0
"С",1234,0
"С",1235,0
"С",1236,0
"С",1237,0
"С",1238,0
"С",1239,0
"С",1240,1
"С",1241,0
"С",1242,0
"С",1243,0
"С",1244,0
"С",1245,0
"С",1246,0
"С",1247,0
"С",1248,0
"С",1249,0
"С",1250,0
"С",1251,0
"С",1252,0
"С",1253,0
"С",1254,0
"С",1255,0
"С",1256,0
"С",1257,0
"С",1258,0
"С",1259,0
"С",1260,0
"С",1261,0
"С",1262,0
"С",1263,0
"С",1264,0
"С",1265,0
"С",1266,0
"С",1267,0
"С",1268,0
"С",1269,0
"С",1270,0
"С",1271,0
"С",1272,0
"С",1273,0
"С",1274,0
"С",1275,0
"С",1276,0
"С",1277,0
"С",1278,0
"С",1279,0
"С",1280,0
"С",1281,0
"С",1282,0
"С",1283,0
"С",1284,0
"С",1285,0
"С",1286,0
"С",1287,0
"С",1288,0
"С",1289,0
"С",1290,0
"С",1291,0
"С",1292,0
"С",1293,0
"С",1294,0
"С",1295,0
"С",1296,0
"С",1297,0
"С",1298,0
"С",1299,0
"С",1300,0
"С",1301,0
"С",1302,0
"С",1303,0
"С",1304,0
"С",1305,0
"С",1306,0
"С",1307,0
"С",1308,0
"С",1309,0
"С",1310,0
"С",1311,0
"С",1312,0
"С",1313,0
"С",1314,0
"С",1315,0
"С",1316,0
"С",1317,0
"С",1318,0
"С",1319,0
"С",1320,1
"С",1321,0
"С",1322,0
"С",1323,0
"С",1324,0
"С",1325,0
"С",1326,0
"С",1327,0
"С",1328,0
"С",1329,0
"С",1330,0
"С",1331,0
"С",1332,0
"С",1333,0
"С",1334,0
"С",1335,0
"С",1336,0
"С",1337,0
"С",1338,0
"С",1339,0
"С",1340,0
"С",1341,0
"С",1342,0
"С",1343,0
"С",1344,0
"С",1345,0
"С",1346,0
"С",1347,0
"С",1348,0
"С",1349,0
"С",1350,2
"С",1351,0
"С",1352,0
"С",1353,0
"С",1354,0
"С",1355,0
"С",1356,0
"С",1357,0
"С",1358,0
"С",1359,0
"С",1360,0
"С",1361,0
"С",1362,0
"С",1363,0
"С",1364,0
"С",1365,0
"С",1366,0
"С",1367,0
"С",1368,0
"С",1369,0
"С",1370,0
"С",1371,0
"С",1372,0
"С",1373,0
"С",1374,0
"С",1375,3
"С",1376,0
"С",1377,0
"С",1378,0
"С",1379,0
"С",1380,0
"С",1381,0
"С",1382,0
"С",1383,0
"С",1384,0
"С",1385,0
"С",1386,0
"С",1387,0
"С",1388,0
"С",1389,0
"С",1390,0
"С",1391,0
"С",1392,0
"С",1393,0
"С",1394,0
"С",1395,0
"С",1396,0
"С",1397,0
"С",1398,0
"С",1399,0
"С",1400,0
"С",1401,0
"С",1402,0
"С",1403,0
"С",1404,0
"С",1405,0
"С",1406,0
"С",1407,0
"С",1408,0
"С",1409,0
"С",1410,0
"С",1411,0
"С",1412,0
"С",1413,0
"С",1414,0
"С",1415,0
"С",1416,0
"С",1417,0
"С",1418,0
"С",1419,0
"С",1420,0
"С",1421,0
"С",1422,0
"С",1423,0
"С",1424,0
"С",1425,0
"С",1426,0
"С",1427,0
"С",1428,0
"С",1429,0
"С",1430,0
"С",1431,0
"С",1432,0
"С",1433,0
"С",1434,0
"С",1435,0
"С",1436,0
"С",1437,0
"С",1438,0
"С",1439,0
"С",1440,0
"С",1441,0
"С",1442,0
"С",1443,0
"С",1444,0
"С",1445,0
"С",1446,0
"С",1447,0
"С",1448,0
"С",1449,0
"С",1450,1
"С",1451,0
"С",1452,0
"С",1453,0
"С",1454,0
"С",1455,0
"С",1456,0
"С",1457,0
"С",1458,0
"С",1459,0
"С",1460,0
"С",1461,0
"С",1462,0
"С",1463,0
"С",1464,0
"С",1465,0
"С",1466,0
"С",1467,0
"С",1468,0
"С",1469,0
"С",1470,0
"С",1471,0
"С",1472,0
"С",1473,0
"С",1474,0
"С",1475,0
"С",1476,0
"С",1477,0
"С",1478,0
"С",1479,0
"С",1480,0
"С",1481,0
"С",1482,0
"С",1483,0
"С",1484,0
"С",1485,0
"С",1486,0
"С",1487,0
"С",1488,0
"С",1489,0
"С",1490,0
"С",1491,0
"С",1492,0
"С",1493,0
"С",1494,0
"С",1495,0
"С",1496,0
"С",1497,0
"С",1498,0
"С",1499,0
"С",1500,0
